generation,best_f1,best_f2,best_f3,n_pareto
1,34780.0,20,4653.0,3
2,34780.0,20,4653.0,6
3,34780.0,20,4653.0,14
4,33560.0,20,4653.0,22
5,33560.0,20,4584.0,55
6,33560.0,20,4584.0,24
7,33560.0,20,4584.0,56
8,33560.0,20,4553.0,60
9,33560.0,20,4453.0,28
10,33560.0,20,4453.0,60
11,33560.0,20,4453.0,60
12,33560.0,20,4453.0,60
13,33560.0,20,4453.0,60
14,32610.0,20,4453.0,8
15,32610.0,20,4453.0,20
16,32610.0,20,4453.0,50
17,32610.0,20,4353.0,10
18,32610.0,20,4353.0,28
19,32610.0,20,4353.0,60
20,32610.0,20,4353.0,60
21,32610.0,20,4353.0,60
22,32610.0,20,4353.0,60
23,32610.0,20,4353.0,60
24,32610.0,20,4353.0,60
25,31730.0,20,4353.0,60
26,28500.0,20,4353.0,60
27,28500.0,20,4353.0,60
28,28500.0,20,4353.0,60
29,28500.0,20,4353.0,55
30,28500.0,20,4353.0,60
31,28500.0,20,4353.0,60
32,28360.0,20,4353.0,60
33,28360.0,20,4353.0,60
34,28360.0,20,4353.0,60
35,28360.0,20,4353.0,60
36,28360.0,20,4353.0,60
37,28360.0,20,4353.0,60
38,28360.0,20,4353.0,60
39,28360.0,20,4353.0,60
40,28360.0,20,4353.0,60
41,28360.0,20,4353.0,60
42,28360.0,20,4353.0,60
43,28360.0,20,4353.0,60
44,28360.0,20,4353.0,60
45,28360.0,20,4353.0,60
46,28010.0,20,4353.0,60
47,28010.0,20,4353.0,60
48,28010.0,20,4353.0,60
49,28010.0,20,4353.0,60
50,28010.0,20,4353.0,60
51,28010.0,20,4353.0,60
52,28010.0,20,4353.0,60
53,28010.0,20,4353.0,60
54,28010.0,20,4353.0,60
55,27650.0,20,4353.0,60
56,27650.0,20,4353.0,60
57,27650.0,20,4353.0,60
58,27300.0,20,4353.0,60
59,27300.0,20,4353.0,60
60,27300.0,20,4353.0,60
61,27300.0,20,4353.0,60
62,27300.0,20,4353.0,60
63,27300.0,20,4353.0,60
64,27300.0,20,4353.0,60
65,27300.0,20,4353.0,60
66,27300.0,20,4353.0,60
67,27300.0,20,4353.0,60
68,27300.0,20,4353.0,60
69,27300.0,20,4353.0,60
70,27300.0,20,4353.0,60
71,27300.0,20,4353.0,60
72,27300.0,20,4353.0,60
73,27300.0,20,4353.0,60
74,27300.0,20,4353.0,60
75,27300.0,20,4353.0,60
76,27300.0,20,4353.0,60
77,27300.0,20,4353.0,60
78,27300.0,20,4353.0,60
79,27300.0,20,4353.0,60
80,27300.0,20,4353.0,60
81,27300.0,20,4353.0,60
82,27300.0,20,4353.0,60
83,27300.0,20,4353.0,60
84,27300.0,20,4353.0,60
85,27300.0,20,4353.0,60
86,27300.0,20,4353.0,60
87,27300.0,20,4353.0,60
88,27300.0,20,4353.0,60
89,27300.0,20,4353.0,60
90,27300.0,20,4353.0,60
91,27300.0,20,4353.0,60
92,27300.0,20,4353.0,60
93,27300.0,20,4353.0,60
94,27300.0,20,4353.0,60
95,27300.0,20,4353.0,60
96,27300.0,20,4353.0,60
97,27300.0,20,4353.0,60
98,27300.0,20,4353.0,60
99,27300.0,20,4353.0,60
100,27300.0,20,4353.0,60
101,27300.0,20,4353.0,60
102,27300.0,20,4353.0,60
103,27300.0,20,4353.0,60
104,27300.0,20,4353.0,60
105,27300.0,20,4353.0,60
106,27300.0,20,4353.0,60
107,27300.0,20,4353.0,60
108,27300.0,20,4353.0,60
109,27300.0,20,4353.0,60
110,27300.0,20,4353.0,60
111,27300.0,20,4353.0,60
112,27300.0,20,4353.0,60
113,27300.0,20,4353.0,60
114,27300.0,20,4353.0,60
115,27300.0,20,4353.0,60
116,27300.0,20,4353.0,60
117,27300.0,20,4353.0,60
118,27300.0,20,4353.0,60
119,27300.0,20,4353.0,60
120,27300.0,20,4353.0,60
121,27300.0,20,4353.0,60
122,27300.0,20,4353.0,60
123,27300.0,20,4353.0,60
124,27300.0,20,4353.0,60
125,27300.0,20,4353.0,60
126,27300.0,20,4353.0,60
127,27300.0,20,4353.0,60
128,27300.0,20,4353.0,60
129,27300.0,20,4353.0,60
130,27300.0,20,4353.0,60
131,27300.0,20,4353.0,60
132,27300.0,20,4353.0,60
133,27300.0,20,4353.0,60
134,27300.0,20,4353.0,60
135,27300.0,20,4353.0,60
136,27300.0,20,4353.0,60
137,27300.0,20,4353.0,60
138,27300.0,20,4353.0,60
139,27300.0,20,4353.0,60
140,27300.0,20,4353.0,60
141,27300.0,20,4353.0,60
142,27300.0,20,4353.0,60
143,27300.0,20,4353.0,60
144,27300.0,20,4353.0,60
145,27300.0,20,4353.0,60
146,27300.0,20,4353.0,60
147,27300.0,20,4353.0,60
148,27300.0,20,4353.0,60
149,27300.0,20,4353.0,60
150,27300.0,20,4353.0,60
151,27300.0,20,4353.0,60
152,27300.0,20,4353.0,60
153,27300.0,20,4353.0,60
154,27300.0,20,4353.0,60
155,27300.0,20,4353.0,60
156,27300.0,20,4353.0,60
157,27300.0,20,4353.0,60
158,27300.0,20,4353.0,60
159,27300.0,20,4353.0,60
160,27300.0,20,4353.0,60
161,27300.0,20,4353.0,60
162,27300.0,20,4353.0,60
163,27300.0,20,4353.0,60
164,27300.0,20,4353.0,60
165,27300.0,20,4353.0,60
166,27300.0,20,4353.0,60
167,27300.0,20,4353.0,60
168,27300.0,20,4353.0,60
169,27300.0,20,4353.0,60
170,27300.0,20,4353.0,60
171,27300.0,20,4353.0,60
172,27300.0,20,4353.0,60
173,27300.0,20,4353.0,60
174,27300.0,20,4353.0,60
175,27300.0,20,4353.0,60
176,27300.0,20,4353.0,60
177,27300.0,20,4353.0,60
178,27300.0,20,4353.0,60
179,27300.0,20,4353.0,60
180,27300.0,20,4353.0,60
181,27300.0,20,4353.0,60
182,27300.0,20,4353.0,60
183,27300.0,20,4353.0,60
184,27300.0,20,4353.0,60
185,27300.0,20,4353.0,60
186,27300.0,20,4353.0,60
187,27300.0,20,4353.0,60
188,27300.0,20,4353.0,60
189,27300.0,20,4353.0,60
190,27300.0,20,4353.0,60
191,27300.0,20,4353.0,60
192,27300.0,20,4353.0,60
193,27300.0,20,4353.0,60
194,27300.0,20,4353.0,60
195,26680.0,20,4353.0,60
196,26680.0,20,4353.0,60
197,26680.0,20,4353.0,60
198,26680.0,20,4353.0,60
199,26680.0,20,4353.0,60
200,26680.0,20,4353.0,60
