deadhead_km,units_used,demand_penalty,rank,generation
11200.0,20,83.0,0,200
8130.0,19,838.0,0,200
10920.0,16,1138.0,0,200
13820.0,16,548.0,0,200
10920.0,16,1138.0,0,200
8750.0,20,383.0,0,200
8130.0,19,838.0,0,200
13290.0,17,329.0,0,200
10160.0,18,383.0,0,200
13290.0,17,329.0,0,200
13100.0,18,154.0,0,200
12410.0,18,254.0,0,200
11600.0,19,183.0,0,200
13530.0,16,648.0,0,200
8810.0,19,738.0,0,200
10510.0,20,183.0,0,200
9200.0,18,908.0,0,200
13100.0,18,154.0,0,200
9960.0,17,483.0,0,200
8810.0,19,738.0,0,200
12920.0,16,984.0,0,200
12560.0,16,1108.0,0,200
11600.0,19,183.0,0,200
9390.0,18,483.0,0,200
13530.0,16,648.0,0,200
8620.0,20,548.0,0,200
12750.0,16,1038.0,0,200
9010.0,19,600.0,0,200
10830.0,19,283.0,0,200
12920.0,16,984.0,0,200
9200.0,18,908.0,0,200
9010.0,19,600.0,0,200
12750.0,16,1038.0,0,200
9250.0,19,548.0,0,200
11200.0,20,83.0,0,200
11170.0,17,448.0,0,200
9770.0,19,383.0,0,200
11230.0,17,383.0,0,200
12560.0,16,1108.0,0,200
10160.0,18,383.0,0,200
10510.0,20,183.0,0,200
10830.0,19,283.0,0,200
12410.0,18,254.0,0,200
9960.0,17,483.0,0,200
11170.0,17,448.0,0,200
11110.0,18,283.0,0,200
9890.0,20,283.0,0,200
8750.0,20,383.0,0,200
8620.0,20,548.0,0,200
9770.0,19,383.0,0,200
12800.0,19,154.0,0,200
11110.0,18,283.0,0,200
9250.0,19,548.0,0,200
12800.0,19,154.0,0,200
11230.0,17,383.0,0,200
10920.0,16,1138.0,0,200
11200.0,20,83.0,0,200
8130.0,19,838.0,0,200
8810.0,19,738.0,0,200
11600.0,19,183.0,0,200
