step,temp,current_cost,best_cost,total_cost
40,500.0,18520.0,18040.0,18040.0
80,497.5,20470.0,18040.0,18040.0
120,495.01,19745.0,18040.0,18040.0
160,492.54,17715.0,17565.0,17565.0
200,490.07,20460.0,17565.0,17565.0
240,487.62,17055.0,17055.0,17055.0
280,485.19,17055.0,17055.0,17055.0
320,482.76,18055.0,17055.0,17055.0
360,480.35,19205.0,17055.0,17055.0
400,477.94,19580.0,17055.0,17055.0
440,475.56,19580.0,17055.0,17055.0
480,473.18,19055.0,17055.0,17055.0
520,470.81,17575.0,17055.0,17055.0
560,468.46,19405.0,16725.0,16725.0
600,466.12,20115.0,16725.0,16725.0
640,463.78,20375.0,16725.0,16725.0
680,461.47,20835.0,16725.0,16725.0
720,459.16,19670.0,16725.0,16725.0
760,456.86,19820.0,16725.0,16725.0
800,454.58,22020.0,16725.0,16725.0
840,452.31,20170.0,16725.0,16725.0
880,450.04,20370.0,16725.0,16725.0
920,447.79,23715.0,16725.0,16725.0
960,445.55,23975.0,16725.0,16725.0
1000,443.33,21520.0,16725.0,16725.0
1040,441.11,20375.0,16725.0,16725.0
1080,438.9,21375.0,16725.0,16725.0
1120,436.71,21385.0,16725.0,16725.0
1160,434.53,19510.0,16725.0,16725.0
1200,432.35,20510.0,16725.0,16725.0
1240,430.19,19810.0,16725.0,16725.0
1280,428.04,19010.0,16725.0,16725.0
1320,425.9,18540.0,16725.0,16725.0
1360,423.77,19090.0,16725.0,16725.0
1400,421.65,17130.0,16610.0,16610.0
1440,419.54,15645.0,15645.0,15645.0
1480,417.45,15125.0,15125.0,15125.0
1520,415.36,15275.0,15125.0,15125.0
1560,413.28,16630.0,15125.0,15125.0
1600,411.22,18460.0,15125.0,15125.0
1640,409.16,18460.0,15125.0,15125.0
1680,407.11,16660.0,15125.0,15125.0
1720,405.08,16715.0,15125.0,15125.0
1760,403.05,18375.0,15125.0,15125.0
1800,401.04,19845.0,15125.0,15125.0
1840,399.03,18395.0,15125.0,15125.0
1880,397.04,16695.0,15125.0,15125.0
1920,395.05,16695.0,15125.0,15125.0
1960,393.08,16640.0,15125.0,15125.0
2000,391.11,16490.0,15125.0,15125.0
2040,389.16,17640.0,15125.0,15125.0
2080,387.21,17640.0,15125.0,15125.0
2120,385.27,17640.0,15125.0,15125.0
2160,383.35,17360.0,15125.0,15125.0
2200,381.43,18990.0,15125.0,15125.0
2240,379.52,17990.0,15125.0,15125.0
2280,377.63,17670.0,15125.0,15125.0
2320,375.74,18935.0,15125.0,15125.0
2360,373.86,18640.0,15125.0,15125.0
2400,371.99,18535.0,15125.0,15125.0
2440,370.13,18015.0,15125.0,15125.0
2480,368.28,18165.0,15125.0,15125.0
2520,366.44,20135.0,15125.0,15125.0
2560,364.61,19775.0,15125.0,15125.0
2600,362.78,19430.0,15125.0,15125.0
2640,360.97,18300.0,15125.0,15125.0
2680,359.16,19700.0,15125.0,15125.0
2720,357.37,19690.0,15125.0,15125.0
2760,355.58,19910.0,15125.0,15125.0
2800,353.8,18920.0,15125.0,15125.0
2840,352.03,18230.0,15125.0,15125.0
2880,350.27,18590.0,15125.0,15125.0
2920,348.52,19365.0,15125.0,15125.0
2960,346.78,17625.0,15125.0,15125.0
3000,345.05,16380.0,15125.0,15125.0
3040,343.32,16220.0,15125.0,15125.0
3080,341.6,16325.0,15125.0,15125.0
3120,339.9,16700.0,15125.0,15125.0
3160,338.2,15895.0,15125.0,15125.0
3200,336.51,15895.0,15125.0,15125.0
3240,334.82,16035.0,15125.0,15125.0
3280,333.15,16035.0,15125.0,15125.0
3320,331.48,18975.0,15125.0,15125.0
3360,329.83,17170.0,15125.0,15125.0
3400,328.18,17170.0,15125.0,15125.0
3440,326.54,17020.0,15125.0,15125.0
3480,324.9,17020.0,15125.0,15125.0
3520,323.28,16205.0,15125.0,15125.0
3560,321.66,16215.0,15125.0,15125.0
3600,320.05,16215.0,15125.0,15125.0
3640,318.45,16395.0,15125.0,15125.0
3680,316.86,16395.0,15125.0,15125.0
3720,315.28,17210.0,15125.0,15125.0
3760,313.7,16775.0,15125.0,15125.0
3800,312.13,17585.0,15125.0,15125.0
3840,310.57,17075.0,15125.0,15125.0
3880,309.02,17065.0,15125.0,15125.0
3920,307.47,17075.0,15125.0,15125.0
3960,305.94,16130.0,15125.0,15125.0
4000,304.41,15475.0,15125.0,15125.0
4040,302.89,15475.0,15125.0,15125.0
4080,301.37,15475.0,15125.0,15125.0
4120,299.86,16795.0,15125.0,15125.0
4160,298.36,16945.0,15125.0,15125.0
4200,296.87,16785.0,15125.0,15125.0
4240,295.39,17435.0,15125.0,15125.0
4280,293.91,17435.0,15125.0,15125.0
4320,292.44,16380.0,15125.0,15125.0
4360,290.98,16145.0,15125.0,15125.0
4400,289.52,17005.0,15125.0,15125.0
4440,288.08,16780.0,15125.0,15125.0
4480,286.64,17440.0,15125.0,15125.0
4520,285.2,18730.0,15125.0,15125.0
4560,283.78,16605.0,15125.0,15125.0
4600,282.36,15730.0,15125.0,15125.0
4640,280.95,16080.0,15125.0,15125.0
4680,279.54,16440.0,15125.0,15125.0
4720,278.14,16450.0,15125.0,15125.0
4760,276.75,16090.0,15125.0,15125.0
4800,275.37,16250.0,15125.0,15125.0
4840,273.99,15400.0,15125.0,15125.0
4880,272.62,15400.0,15125.0,15125.0
4920,271.26,15730.0,15125.0,15125.0
4960,269.9,14720.0,14720.0,14720.0
5000,268.55,14870.0,14720.0,14720.0
5040,267.21,14720.0,14720.0,14720.0
5080,265.88,14720.0,14720.0,14720.0
5120,264.55,14390.0,14390.0,14390.0
5160,263.22,14750.0,14390.0,14390.0
5200,261.91,14750.0,14390.0,14390.0
5240,260.6,14600.0,14390.0,14390.0
5280,259.29,14600.0,14390.0,14390.0
5320,258.0,14600.0,14390.0,14390.0
5360,256.71,14810.0,14390.0,14390.0
5400,255.42,14810.0,14390.0,14390.0
5440,254.15,14675.0,14390.0,14390.0
5480,252.88,14675.0,14390.0,14390.0
5520,251.61,15005.0,14390.0,14390.0
5560,250.35,15315.0,14390.0,14390.0
5600,249.1,15685.0,14390.0,14390.0
5640,247.86,15535.0,14390.0,14390.0
5680,246.62,15855.0,14390.0,14390.0
5720,245.38,14535.0,14390.0,14390.0
5760,244.16,14835.0,14390.0,14390.0
5800,242.94,14835.0,14390.0,14390.0
5840,241.72,14835.0,14390.0,14390.0
5880,240.51,14970.0,14390.0,14390.0
5920,239.31,15005.0,14390.0,14390.0
5960,238.11,14865.0,14390.0,14390.0
6000,236.92,14865.0,14390.0,14390.0
6040,235.74,15015.0,14390.0,14390.0
6080,234.56,14205.0,14205.0,14205.0
6120,233.39,14205.0,14055.0,14055.0
6160,232.22,14215.0,14055.0,14055.0
6200,231.06,14215.0,14055.0,14055.0
6240,229.9,14515.0,14055.0,14055.0
6280,228.76,14515.0,14055.0,14055.0
6320,227.61,14665.0,14055.0,14055.0
6360,226.47,14515.0,14055.0,14055.0
6400,225.34,14515.0,14055.0,14055.0
6440,224.21,14355.0,14055.0,14055.0
6480,223.09,14355.0,14055.0,14055.0
6520,221.98,14580.0,14055.0,14055.0
6560,220.87,14505.0,14055.0,14055.0
6600,219.76,15185.0,14055.0,14055.0
6640,218.66,14335.0,14055.0,14055.0
6680,217.57,14485.0,14055.0,14055.0
6720,216.48,14645.0,14055.0,14055.0
6760,215.4,14645.0,14055.0,14055.0
6800,214.32,14495.0,14055.0,14055.0
6840,213.25,14720.0,14055.0,14055.0
6880,212.19,14870.0,14055.0,14055.0
6920,211.13,14720.0,14055.0,14055.0
6960,210.07,14870.0,14055.0,14055.0
7000,209.02,14720.0,14055.0,14055.0
7040,207.97,14720.0,14055.0,14055.0
7080,206.93,14870.0,14055.0,14055.0
7120,205.9,14720.0,14055.0,14055.0
7160,204.87,14710.0,14055.0,14055.0
7200,203.85,15210.0,14055.0,14055.0
7240,202.83,15070.0,14055.0,14055.0
7280,201.81,15070.0,14055.0,14055.0
7320,200.8,14695.0,14055.0,14055.0
7360,199.8,14545.0,14055.0,14055.0
7400,198.8,14065.0,14055.0,14055.0
7440,197.81,14065.0,14055.0,14055.0
7480,196.82,14395.0,14055.0,14055.0
7520,195.83,14695.0,14055.0,14055.0
7560,194.85,14845.0,14055.0,14055.0
7600,193.88,14185.0,14055.0,14055.0
7640,192.91,14710.0,14055.0,14055.0
7680,191.95,14035.0,14035.0,14035.0
7720,190.99,13675.0,13675.0,13675.0
7760,190.03,13685.0,13675.0,13675.0
7800,189.08,13835.0,13675.0,13675.0
7840,188.14,13685.0,13675.0,13675.0
7880,187.19,13675.0,13675.0,13675.0
7920,186.26,14005.0,13675.0,13675.0
7960,185.33,14005.0,13675.0,13675.0
8000,184.4,14005.0,13675.0,13675.0
8040,183.48,14015.0,13675.0,13675.0
8080,182.56,14015.0,13675.0,13675.0
8120,181.65,14015.0,13675.0,13675.0
8160,180.74,14015.0,13675.0,13675.0
8200,179.84,13970.0,13675.0,13675.0
8240,178.94,14810.0,13675.0,13675.0
8280,178.04,14960.0,13675.0,13675.0
8320,177.15,15110.0,13675.0,13675.0
8360,176.27,15110.0,13675.0,13675.0
8400,175.39,15110.0,13675.0,13675.0
8440,174.51,14830.0,13675.0,13675.0
8480,173.64,14830.0,13675.0,13675.0
8520,172.77,14680.0,13675.0,13675.0
8560,171.9,14830.0,13675.0,13675.0
8600,171.04,13790.0,13675.0,13675.0
8640,170.19,13640.0,13640.0,13640.0
8680,169.34,13640.0,13640.0,13640.0
8720,168.49,13640.0,13640.0,13640.0
8760,167.65,13855.0,13630.0,13630.0
8800,166.81,13705.0,13630.0,13630.0
8840,165.98,13705.0,13630.0,13630.0
8880,165.15,13705.0,13630.0,13630.0
8920,164.32,13725.0,13630.0,13630.0
8960,163.5,13725.0,13630.0,13630.0
9000,162.68,12725.0,12725.0,12725.0
9040,161.87,12725.0,12725.0,12725.0
9080,161.06,12725.0,12725.0,12725.0
9120,160.25,12725.0,12725.0,12725.0
9160,159.45,12875.0,12725.0,12725.0
9200,158.66,12875.0,12725.0,12725.0
9240,157.86,12875.0,12725.0,12725.0
9280,157.07,12875.0,12725.0,12725.0
9320,156.29,12875.0,12725.0,12725.0
9360,155.51,12650.0,12650.0,12650.0
9400,154.73,13385.0,12650.0,12650.0
9440,153.96,13055.0,12650.0,12650.0
9480,153.19,13205.0,12650.0,12650.0
9520,152.42,13205.0,12650.0,12650.0
9560,151.66,13355.0,12650.0,12650.0
9600,150.9,13355.0,12650.0,12650.0
9640,150.14,13430.0,12650.0,12650.0
9680,149.39,13070.0,12650.0,12650.0
9720,148.65,12920.0,12650.0,12650.0
9760,147.9,12930.0,12650.0,12650.0
9800,147.16,12780.0,12650.0,12650.0
9840,146.43,12930.0,12650.0,12650.0
9880,145.7,12705.0,12650.0,12650.0
9920,144.97,12855.0,12650.0,12650.0
9960,144.24,12705.0,12650.0,12650.0
10000,143.52,12705.0,12650.0,12650.0
10040,142.8,12705.0,12650.0,12650.0
10080,142.09,12705.0,12650.0,12650.0
10120,141.38,12705.0,12650.0,12650.0
10160,140.67,12705.0,12650.0,12650.0
10200,139.97,12705.0,12650.0,12650.0
10240,139.27,12705.0,12650.0,12650.0
10280,138.57,12725.0,12650.0,12650.0
10320,137.88,12725.0,12650.0,12650.0
10360,137.19,12725.0,12650.0,12650.0
10400,136.5,12725.0,12650.0,12650.0
10440,135.82,12545.0,12545.0,12545.0
10480,135.14,12545.0,12545.0,12545.0
10520,134.47,12770.0,12545.0,12545.0
10560,133.8,12620.0,12545.0,12545.0
10600,133.13,12600.0,12545.0,12545.0
10640,132.46,12600.0,12545.0,12545.0
10680,131.8,12225.0,12225.0,12225.0
10720,131.14,12225.0,12225.0,12225.0
10760,130.48,12225.0,12225.0,12225.0
10800,129.83,12225.0,12225.0,12225.0
10840,129.18,12225.0,12225.0,12225.0
10880,128.54,12225.0,12225.0,12225.0
10920,127.89,12225.0,12225.0,12225.0
10960,127.25,12600.0,12225.0,12225.0
11000,126.62,12225.0,12225.0,12225.0
11040,125.98,12225.0,12225.0,12225.0
11080,125.35,12235.0,12225.0,12225.0
11120,124.73,12225.0,12225.0,12225.0
11160,124.1,12375.0,12225.0,12225.0
11200,123.48,12375.0,12225.0,12225.0
11240,122.87,12375.0,12225.0,12225.0
11280,122.25,12375.0,12225.0,12225.0
11320,121.64,12375.0,12225.0,12225.0
11360,121.03,12385.0,12225.0,12225.0
11400,120.43,12235.0,12225.0,12225.0
11440,119.83,12375.0,12225.0,12225.0
11480,119.23,12375.0,12225.0,12225.0
11520,118.63,12735.0,12225.0,12225.0
11560,118.04,12585.0,12225.0,12225.0
11600,117.45,12585.0,12225.0,12225.0
11640,116.86,12585.0,12225.0,12225.0
11680,116.28,12585.0,12225.0,12225.0
11720,115.69,12585.0,12225.0,12225.0
11760,115.12,12585.0,12225.0,12225.0
11800,114.54,12575.0,12225.0,12225.0
11840,113.97,12530.0,12225.0,12225.0
11880,113.4,12530.0,12225.0,12225.0
11920,112.83,12530.0,12225.0,12225.0
11960,112.27,12530.0,12225.0,12225.0
12000,111.7,12530.0,12225.0,12225.0
12040,111.15,12530.0,12225.0,12225.0
12080,110.59,12530.0,12225.0,12225.0
12120,110.04,12530.0,12225.0,12225.0
12160,109.49,12380.0,12225.0,12225.0
12200,108.94,12380.0,12225.0,12225.0
12240,108.4,12530.0,12225.0,12225.0
12280,107.85,12530.0,12225.0,12225.0
12320,107.31,12530.0,12225.0,12225.0
12360,106.78,12540.0,12225.0,12225.0
12400,106.24,12390.0,12225.0,12225.0
12440,105.71,12390.0,12225.0,12225.0
12480,105.18,12390.0,12225.0,12225.0
12520,104.66,12390.0,12225.0,12225.0
12560,104.13,12390.0,12225.0,12225.0
12600,103.61,12540.0,12225.0,12225.0
12640,103.1,12540.0,12225.0,12225.0
12680,102.58,12540.0,12225.0,12225.0
12720,102.07,12540.0,12225.0,12225.0
12760,101.56,12560.0,12225.0,12225.0
12800,101.05,12560.0,12225.0,12225.0
12840,100.54,12560.0,12225.0,12225.0
12880,100.04,12560.0,12225.0,12225.0
12920,99.54,12560.0,12225.0,12225.0
12960,99.04,12690.0,12225.0,12225.0
13000,98.55,12690.0,12225.0,12225.0
13040,98.06,12690.0,12225.0,12225.0
13080,97.57,12540.0,12225.0,12225.0
13120,97.08,12690.0,12225.0,12225.0
13160,96.59,12690.0,12225.0,12225.0
13200,96.11,12690.0,12225.0,12225.0
13240,95.63,12690.0,12225.0,12225.0
13280,95.15,12690.0,12225.0,12225.0
13320,94.67,12540.0,12225.0,12225.0
13360,94.2,12540.0,12225.0,12225.0
13400,93.73,12540.0,12225.0,12225.0
13440,93.26,12540.0,12225.0,12225.0
13480,92.8,12540.0,12225.0,12225.0
13520,92.33,12540.0,12225.0,12225.0
13560,91.87,12530.0,12225.0,12225.0
13600,91.41,12540.0,12225.0,12225.0
13640,90.95,12765.0,12225.0,12225.0
13680,90.5,12765.0,12225.0,12225.0
13720,90.05,12405.0,12225.0,12225.0
13760,89.6,12405.0,12225.0,12225.0
13800,89.15,12405.0,12225.0,12225.0
13840,88.7,12180.0,12180.0,12180.0
13880,88.26,12180.0,12180.0,12180.0
13920,87.82,12180.0,12180.0,12180.0
13960,87.38,12180.0,12180.0,12180.0
14000,86.94,12180.0,12180.0,12180.0
14040,86.51,12330.0,12180.0,12180.0
14080,86.07,12330.0,12180.0,12180.0
14120,85.64,12330.0,12180.0,12180.0
14160,85.22,12180.0,12180.0,12180.0
14200,84.79,12170.0,12170.0,12170.0
14240,84.37,12170.0,12170.0,12170.0
14280,83.94,12170.0,12170.0,12170.0
14320,83.52,12170.0,12170.0,12170.0
14360,83.11,12170.0,12170.0,12170.0
14400,82.69,12170.0,12170.0,12170.0
14440,82.28,12170.0,12170.0,12170.0
14480,81.87,12020.0,12020.0,12020.0
14520,81.46,12020.0,12020.0,12020.0
14560,81.05,12020.0,12020.0,12020.0
14600,80.64,12020.0,12020.0,12020.0
14640,80.24,12020.0,12020.0,12020.0
14680,79.84,12020.0,12020.0,12020.0
14720,79.44,12020.0,12020.0,12020.0
14760,79.04,12170.0,12020.0,12020.0
14800,78.65,12170.0,12020.0,12020.0
14840,78.25,12170.0,12020.0,12020.0
14880,77.86,12170.0,12020.0,12020.0
14920,77.47,12170.0,12020.0,12020.0
14960,77.09,12320.0,12020.0,12020.0
15000,76.7,12320.0,12020.0,12020.0
15040,76.32,12170.0,12020.0,12020.0
15080,75.94,12170.0,12020.0,12020.0
15120,75.56,12170.0,12020.0,12020.0
15160,75.18,12170.0,12020.0,12020.0
15200,74.8,12170.0,12020.0,12020.0
15240,74.43,12170.0,12020.0,12020.0
15280,74.06,12170.0,12020.0,12020.0
15320,73.69,12170.0,12020.0,12020.0
15360,73.32,12170.0,12020.0,12020.0
15400,72.95,12170.0,12020.0,12020.0
15440,72.59,12020.0,12020.0,12020.0
15480,72.22,12020.0,12020.0,12020.0
15520,71.86,12020.0,12020.0,12020.0
15560,71.5,12020.0,12020.0,12020.0
15600,71.15,12020.0,12020.0,12020.0
15640,70.79,12020.0,12020.0,12020.0
15680,70.44,12020.0,12020.0,12020.0
15720,70.08,12020.0,12020.0,12020.0
15760,69.73,12065.0,12020.0,12020.0
15800,69.38,12065.0,12020.0,12020.0
15840,69.04,12065.0,12020.0,12020.0
15880,68.69,12065.0,12020.0,12020.0
15920,68.35,11915.0,11915.0,11915.0
15960,68.01,11915.0,11915.0,11915.0
16000,67.67,11915.0,11915.0,11915.0
16040,67.33,11945.0,11915.0,11915.0
16080,66.99,11945.0,11915.0,11915.0
16120,66.66,11955.0,11915.0,11915.0
16160,66.32,11955.0,11915.0,11915.0
16200,65.99,12095.0,11915.0,11915.0
16240,65.66,12095.0,11915.0,11915.0
16280,65.33,12095.0,11915.0,11915.0
16320,65.01,12095.0,11915.0,11915.0
16360,64.68,12095.0,11915.0,11915.0
16400,64.36,11945.0,11915.0,11915.0
16440,64.04,11945.0,11915.0,11915.0
16480,63.72,11945.0,11915.0,11915.0
16520,63.4,11965.0,11915.0,11915.0
16560,63.08,11965.0,11915.0,11915.0
16600,62.77,11965.0,11915.0,11915.0
16640,62.45,11920.0,11915.0,11915.0
16680,62.14,11920.0,11915.0,11915.0
16720,61.83,12070.0,11915.0,11915.0
16760,61.52,12070.0,11915.0,11915.0
16800,61.21,12070.0,11915.0,11915.0
16840,60.91,12070.0,11915.0,11915.0
16880,60.6,12070.0,11915.0,11915.0
16920,60.3,12070.0,11915.0,11915.0
16960,60.0,11920.0,11915.0,11915.0
17000,59.7,11920.0,11915.0,11915.0
17040,59.4,11920.0,11915.0,11915.0
17080,59.1,11920.0,11915.0,11915.0
17120,58.81,11920.0,11915.0,11915.0
17160,58.51,11920.0,11915.0,11915.0
17200,58.22,11920.0,11915.0,11915.0
17240,57.93,11920.0,11915.0,11915.0
17280,57.64,11920.0,11915.0,11915.0
17320,57.35,11900.0,11900.0,11900.0
17360,57.06,11900.0,11900.0,11900.0
17400,56.78,11900.0,11900.0,11900.0
17440,56.5,11540.0,11540.0,11540.0
17480,56.21,11540.0,11540.0,11540.0
17520,55.93,11540.0,11540.0,11540.0
17560,55.65,11540.0,11540.0,11540.0
17600,55.37,11540.0,11540.0,11540.0
17640,55.1,11540.0,11540.0,11540.0
17680,54.82,11540.0,11540.0,11540.0
17720,54.55,11540.0,11540.0,11540.0
17760,54.27,11540.0,11540.0,11540.0
17800,54.0,11540.0,11540.0,11540.0
17840,53.73,11540.0,11540.0,11540.0
17880,53.46,11540.0,11540.0,11540.0
17920,53.2,11540.0,11540.0,11540.0
17960,52.93,11540.0,11540.0,11540.0
18000,52.67,11540.0,11540.0,11540.0
18040,52.4,11540.0,11540.0,11540.0
18080,52.14,11540.0,11540.0,11540.0
18120,51.88,11540.0,11540.0,11540.0
18160,51.62,11540.0,11540.0,11540.0
18200,51.36,11540.0,11540.0,11540.0
18240,51.11,11540.0,11540.0,11540.0
18280,50.85,11540.0,11540.0,11540.0
18320,50.6,11540.0,11540.0,11540.0
18360,50.34,11540.0,11540.0,11540.0
18400,50.09,11690.0,11540.0,11540.0
18440,49.84,11700.0,11540.0,11540.0
18480,49.59,11700.0,11540.0,11540.0
18520,49.34,11700.0,11540.0,11540.0
18560,49.1,11700.0,11540.0,11540.0
18600,48.85,11680.0,11540.0,11540.0
18640,48.61,11680.0,11540.0,11540.0
18680,48.36,11680.0,11540.0,11540.0
18720,48.12,11680.0,11540.0,11540.0
18760,47.88,11680.0,11540.0,11540.0
18800,47.64,11680.0,11540.0,11540.0
18840,47.4,11680.0,11540.0,11540.0
18880,47.17,11680.0,11540.0,11540.0
18920,46.93,11680.0,11540.0,11540.0
18960,46.7,11680.0,11540.0,11540.0
19000,46.46,11680.0,11540.0,11540.0
19040,46.23,11680.0,11540.0,11540.0
19080,46.0,11530.0,11530.0,11530.0
19120,45.77,11530.0,11530.0,11530.0
19160,45.54,11530.0,11530.0,11530.0
19200,45.31,11530.0,11530.0,11530.0
19240,45.09,11530.0,11530.0,11530.0
19280,44.86,11530.0,11530.0,11530.0
19320,44.64,11530.0,11530.0,11530.0
19360,44.41,11530.0,11530.0,11530.0
19400,44.19,11530.0,11530.0,11530.0
19440,43.97,11530.0,11530.0,11530.0
19480,43.75,11530.0,11530.0,11530.0
19520,43.53,11520.0,11520.0,11520.0
19560,43.31,11670.0,11520.0,11520.0
19600,43.1,11670.0,11520.0,11520.0
19640,42.88,11670.0,11520.0,11520.0
19680,42.67,11670.0,11520.0,11520.0
19720,42.45,11670.0,11520.0,11520.0
19760,42.24,11670.0,11520.0,11520.0
19800,42.03,11670.0,11520.0,11520.0
19840,41.82,11670.0,11520.0,11520.0
19880,41.61,11670.0,11520.0,11520.0
19920,41.4,11670.0,11520.0,11520.0
19960,41.2,11680.0,11520.0,11520.0
20000,40.99,11680.0,11520.0,11520.0
20040,40.79,11680.0,11520.0,11520.0
20080,40.58,11680.0,11520.0,11520.0
20120,40.38,11680.0,11520.0,11520.0
20160,40.18,11680.0,11520.0,11520.0
20200,39.98,11680.0,11520.0,11520.0
20240,39.78,11680.0,11520.0,11520.0
20280,39.58,11680.0,11520.0,11520.0
20320,39.38,11680.0,11520.0,11520.0
20360,39.18,11680.0,11520.0,11520.0
20400,38.99,11680.0,11520.0,11520.0
20440,38.79,11680.0,11520.0,11520.0
20480,38.6,11680.0,11520.0,11520.0
20520,38.4,11680.0,11520.0,11520.0
20560,38.21,11680.0,11520.0,11520.0
20600,38.02,11680.0,11520.0,11520.0
20640,37.83,11680.0,11520.0,11520.0
20680,37.64,11680.0,11520.0,11520.0
20720,37.45,11680.0,11520.0,11520.0
20760,37.27,11670.0,11520.0,11520.0
20800,37.08,11680.0,11520.0,11520.0
20840,36.9,11680.0,11520.0,11520.0
20880,36.71,11530.0,11520.0,11520.0
20920,36.53,11530.0,11520.0,11520.0
20960,36.34,11520.0,11520.0,11520.0
21000,36.16,11520.0,11520.0,11520.0
21040,35.98,11520.0,11520.0,11520.0
21080,35.8,11520.0,11520.0,11520.0
21120,35.62,11520.0,11520.0,11520.0
21160,35.45,11520.0,11520.0,11520.0
21200,35.27,11520.0,11520.0,11520.0
21240,35.09,11670.0,11520.0,11520.0
21280,34.92,11670.0,11520.0,11520.0
21320,34.74,11670.0,11520.0,11520.0
21360,34.57,11670.0,11520.0,11520.0
21400,34.39,11670.0,11520.0,11520.0
21440,34.22,11670.0,11520.0,11520.0
21480,34.05,11520.0,11520.0,11520.0
21520,33.88,11520.0,11520.0,11520.0
21560,33.71,11520.0,11520.0,11520.0
21600,33.54,11520.0,11520.0,11520.0
21640,33.38,11520.0,11520.0,11520.0
21680,33.21,11520.0,11520.0,11520.0
21720,33.04,11520.0,11520.0,11520.0
21760,32.88,11520.0,11520.0,11520.0
21800,32.71,11520.0,11520.0,11520.0
21840,32.55,11520.0,11520.0,11520.0
21880,32.39,11520.0,11520.0,11520.0
21920,32.23,11520.0,11520.0,11520.0
21960,32.06,11520.0,11520.0,11520.0
22000,31.9,11520.0,11520.0,11520.0
22040,31.74,11520.0,11520.0,11520.0
22080,31.59,11520.0,11520.0,11520.0
22120,31.43,11520.0,11520.0,11520.0
22160,31.27,11520.0,11520.0,11520.0
22200,31.11,11520.0,11520.0,11520.0
22240,30.96,11520.0,11520.0,11520.0
22280,30.8,11520.0,11520.0,11520.0
22320,30.65,11520.0,11520.0,11520.0
22360,30.5,11520.0,11520.0,11520.0
22400,30.34,11520.0,11520.0,11520.0
22440,30.19,11520.0,11520.0,11520.0
22480,30.04,11520.0,11520.0,11520.0
22520,29.89,11520.0,11520.0,11520.0
22560,29.74,11520.0,11520.0,11520.0
22600,29.59,11520.0,11520.0,11520.0
22640,29.44,11520.0,11520.0,11520.0
22680,29.3,11520.0,11520.0,11520.0
22720,29.15,11520.0,11520.0,11520.0
22760,29.01,11520.0,11520.0,11520.0
22800,28.86,11520.0,11520.0,11520.0
22840,28.72,11520.0,11520.0,11520.0
22880,28.57,11520.0,11520.0,11520.0
22920,28.43,11520.0,11520.0,11520.0
22960,28.29,11520.0,11520.0,11520.0
23000,28.15,11520.0,11520.0,11520.0
23040,28.01,11520.0,11520.0,11520.0
23080,27.87,11520.0,11520.0,11520.0
23120,27.73,11520.0,11520.0,11520.0
23160,27.59,11520.0,11520.0,11520.0
23200,27.45,11520.0,11520.0,11520.0
23240,27.31,11520.0,11520.0,11520.0
23280,27.18,11520.0,11520.0,11520.0
23320,27.04,11520.0,11520.0,11520.0
23360,26.9,11520.0,11520.0,11520.0
23400,26.77,11520.0,11520.0,11520.0
23440,26.64,11520.0,11520.0,11520.0
23480,26.5,11520.0,11520.0,11520.0
23520,26.37,11520.0,11520.0,11520.0
23560,26.24,11520.0,11520.0,11520.0
23600,26.11,11520.0,11520.0,11520.0
23640,25.98,11520.0,11520.0,11520.0
23680,25.85,11520.0,11520.0,11520.0
23720,25.72,11520.0,11520.0,11520.0
23760,25.59,11520.0,11520.0,11520.0
23800,25.46,11520.0,11520.0,11520.0
23840,25.33,11520.0,11520.0,11520.0
23880,25.21,11520.0,11520.0,11520.0
23920,25.08,11520.0,11520.0,11520.0
23960,24.96,11520.0,11520.0,11520.0
24000,24.83,11520.0,11520.0,11520.0
24040,24.71,11520.0,11520.0,11520.0
24080,24.58,11520.0,11520.0,11520.0
24120,24.46,11520.0,11520.0,11520.0
24160,24.34,11520.0,11520.0,11520.0
24200,24.22,11520.0,11520.0,11520.0
24240,24.1,11520.0,11520.0,11520.0
24280,23.97,11520.0,11520.0,11520.0
24320,23.86,11520.0,11520.0,11520.0
24360,23.74,11520.0,11520.0,11520.0
24400,23.62,11520.0,11520.0,11520.0
24440,23.5,11520.0,11520.0,11520.0
24480,23.38,11520.0,11520.0,11520.0
24520,23.26,11520.0,11520.0,11520.0
24560,23.15,11550.0,11520.0,11520.0
24600,23.03,11550.0,11520.0,11520.0
24640,22.92,11550.0,11520.0,11520.0
24680,22.8,11550.0,11520.0,11520.0
24720,22.69,11550.0,11520.0,11520.0
24760,22.58,11550.0,11520.0,11520.0
24800,22.46,11550.0,11520.0,11520.0
24840,22.35,11550.0,11520.0,11520.0
24880,22.24,11550.0,11520.0,11520.0
24920,22.13,11550.0,11520.0,11520.0
24960,22.02,11550.0,11520.0,11520.0
25000,21.91,11550.0,11520.0,11520.0
25040,21.8,11550.0,11520.0,11520.0
25080,21.69,11550.0,11520.0,11520.0
25120,21.58,11550.0,11520.0,11520.0
25160,21.47,11550.0,11520.0,11520.0
25200,21.36,11550.0,11520.0,11520.0
25240,21.26,11550.0,11520.0,11520.0
25280,21.15,11550.0,11520.0,11520.0
25320,21.05,11550.0,11520.0,11520.0
25360,20.94,11550.0,11520.0,11520.0
25400,20.84,11550.0,11520.0,11520.0
25440,20.73,11550.0,11520.0,11520.0
25480,20.63,11550.0,11520.0,11520.0
25520,20.52,11550.0,11520.0,11520.0
25560,20.42,11550.0,11520.0,11520.0
25600,20.32,11550.0,11520.0,11520.0
25640,20.22,11550.0,11520.0,11520.0
25680,20.12,11550.0,11520.0,11520.0
25720,20.02,11550.0,11520.0,11520.0
25760,19.92,11550.0,11520.0,11520.0
25800,19.82,11550.0,11520.0,11520.0
25840,19.72,11550.0,11520.0,11520.0
25880,19.62,11570.0,11520.0,11520.0
25920,19.52,11570.0,11520.0,11520.0
25960,19.42,11570.0,11520.0,11520.0
26000,19.33,11570.0,11520.0,11520.0
26040,19.23,11570.0,11520.0,11520.0
26080,19.13,11570.0,11520.0,11520.0
26120,19.04,11570.0,11520.0,11520.0
26160,18.94,11570.0,11520.0,11520.0
26200,18.85,11570.0,11520.0,11520.0
26240,18.75,11570.0,11520.0,11520.0
26280,18.66,11570.0,11520.0,11520.0
26320,18.57,11570.0,11520.0,11520.0
26360,18.47,11570.0,11520.0,11520.0
26400,18.38,11540.0,11520.0,11520.0
26440,18.29,11540.0,11520.0,11520.0
26480,18.2,11540.0,11520.0,11520.0
26520,18.11,11540.0,11520.0,11520.0
26560,18.02,11540.0,11520.0,11520.0
26600,17.93,11540.0,11520.0,11520.0
26640,17.84,11540.0,11520.0,11520.0
26680,17.75,11540.0,11520.0,11520.0
26720,17.66,11540.0,11520.0,11520.0
26760,17.57,11540.0,11520.0,11520.0
26800,17.48,11540.0,11520.0,11520.0
26840,17.4,11540.0,11520.0,11520.0
26880,17.31,11540.0,11520.0,11520.0
26920,17.22,11550.0,11520.0,11520.0
26960,17.14,11550.0,11520.0,11520.0
27000,17.05,11550.0,11520.0,11520.0
27040,16.96,11550.0,11520.0,11520.0
27080,16.88,11550.0,11520.0,11520.0
27120,16.8,11550.0,11520.0,11520.0
27160,16.71,11550.0,11520.0,11520.0
27200,16.63,11540.0,11520.0,11520.0
27240,16.54,11540.0,11520.0,11520.0
27280,16.46,11520.0,11520.0,11520.0
27320,16.38,11520.0,11520.0,11520.0
27360,16.3,11520.0,11520.0,11520.0
27400,16.22,11520.0,11520.0,11520.0
27440,16.14,11520.0,11520.0,11520.0
27480,16.05,11520.0,11520.0,11520.0
27520,15.97,11520.0,11520.0,11520.0
27560,15.89,11520.0,11520.0,11520.0
27600,15.82,11520.0,11520.0,11520.0
27640,15.74,11520.0,11520.0,11520.0
27680,15.66,11520.0,11520.0,11520.0
27720,15.58,11520.0,11520.0,11520.0
27760,15.5,11520.0,11520.0,11520.0
27800,15.42,11520.0,11520.0,11520.0
27840,15.35,11520.0,11520.0,11520.0
27880,15.27,11520.0,11520.0,11520.0
27920,15.19,11520.0,11520.0,11520.0
27960,15.12,11520.0,11520.0,11520.0
28000,15.04,11520.0,11520.0,11520.0
28040,14.97,11520.0,11520.0,11520.0
28080,14.89,11520.0,11520.0,11520.0
28120,14.82,11520.0,11520.0,11520.0
28160,14.74,11520.0,11520.0,11520.0
28200,14.67,11520.0,11520.0,11520.0
28240,14.6,11520.0,11520.0,11520.0
28280,14.52,11520.0,11520.0,11520.0
28320,14.45,11520.0,11520.0,11520.0
28360,14.38,11520.0,11520.0,11520.0
28400,14.31,11520.0,11520.0,11520.0
28440,14.23,11520.0,11520.0,11520.0
28480,14.16,11520.0,11520.0,11520.0
28520,14.09,11520.0,11520.0,11520.0
28560,14.02,11520.0,11520.0,11520.0
28600,13.95,11520.0,11520.0,11520.0
28640,13.88,11520.0,11520.0,11520.0
28680,13.81,11520.0,11520.0,11520.0
28720,13.74,11520.0,11520.0,11520.0
28760,13.68,11520.0,11520.0,11520.0
28800,13.61,11520.0,11520.0,11520.0
28840,13.54,11520.0,11520.0,11520.0
28880,13.47,11520.0,11520.0,11520.0
28920,13.4,11520.0,11520.0,11520.0
28960,13.34,11520.0,11520.0,11520.0
29000,13.27,11520.0,11520.0,11520.0
29040,13.2,11520.0,11520.0,11520.0
29080,13.14,11520.0,11520.0,11520.0
29120,13.07,11520.0,11520.0,11520.0
29160,13.01,11520.0,11520.0,11520.0
29200,12.94,11520.0,11520.0,11520.0
29240,12.88,11520.0,11520.0,11520.0
29280,12.81,11520.0,11520.0,11520.0
29320,12.75,11520.0,11520.0,11520.0
29360,12.68,11520.0,11520.0,11520.0
29400,12.62,11520.0,11520.0,11520.0
29440,12.56,11520.0,11520.0,11520.0
29480,12.5,11520.0,11520.0,11520.0
29520,12.43,11520.0,11520.0,11520.0
29560,12.37,11520.0,11520.0,11520.0
29600,12.31,11520.0,11520.0,11520.0
29640,12.25,11520.0,11520.0,11520.0
29680,12.19,11520.0,11520.0,11520.0
29720,12.13,11520.0,11520.0,11520.0
29760,12.06,11520.0,11520.0,11520.0
29800,12.0,11520.0,11520.0,11520.0
29840,11.94,11520.0,11520.0,11520.0
29880,11.88,11520.0,11520.0,11520.0
29920,11.83,11520.0,11520.0,11520.0
29960,11.77,11520.0,11520.0,11520.0
30000,11.71,11565.0,11520.0,11520.0
30040,11.65,11565.0,11520.0,11520.0
30080,11.59,11565.0,11520.0,11520.0
30120,11.53,11565.0,11520.0,11520.0
30160,11.47,11565.0,11520.0,11520.0
30200,11.42,11565.0,11520.0,11520.0
30240,11.36,11565.0,11520.0,11520.0
30280,11.3,11565.0,11520.0,11520.0
30320,11.25,11565.0,11520.0,11520.0
30360,11.19,11565.0,11520.0,11520.0
30400,11.13,11565.0,11520.0,11520.0
30440,11.08,11565.0,11520.0,11520.0
30480,11.02,11565.0,11520.0,11520.0
30520,10.97,11565.0,11520.0,11520.0
30560,10.91,11565.0,11520.0,11520.0
30600,10.86,11565.0,11520.0,11520.0
30640,10.81,11565.0,11520.0,11520.0
30680,10.75,11565.0,11520.0,11520.0
30720,10.7,11565.0,11520.0,11520.0
30760,10.64,11565.0,11520.0,11520.0
30800,10.59,11565.0,11520.0,11520.0
30840,10.54,11565.0,11520.0,11520.0
30880,10.48,11565.0,11520.0,11520.0
30920,10.43,11565.0,11520.0,11520.0
30960,10.38,11565.0,11520.0,11520.0
31000,10.33,11565.0,11520.0,11520.0
31040,10.28,11565.0,11520.0,11520.0
31080,10.23,11565.0,11520.0,11520.0
31120,10.17,11565.0,11520.0,11520.0
31160,10.12,11565.0,11520.0,11520.0
31200,10.07,11565.0,11520.0,11520.0
31240,10.02,11565.0,11520.0,11520.0
31280,9.97,11565.0,11520.0,11520.0
31320,9.92,11565.0,11520.0,11520.0
31360,9.87,11565.0,11520.0,11520.0
31400,9.82,11565.0,11520.0,11520.0
31440,9.77,11520.0,11520.0,11520.0
31480,9.73,11520.0,11520.0,11520.0
31520,9.68,11520.0,11520.0,11520.0
31560,9.63,11520.0,11520.0,11520.0
31600,9.58,11520.0,11520.0,11520.0
31640,9.53,11520.0,11520.0,11520.0
31680,9.48,11520.0,11520.0,11520.0
31720,9.44,11520.0,11520.0,11520.0
31760,9.39,11520.0,11520.0,11520.0
31800,9.34,11520.0,11520.0,11520.0
31840,9.3,11520.0,11520.0,11520.0
31880,9.25,11520.0,11520.0,11520.0
31920,9.2,11520.0,11520.0,11520.0
31960,9.16,11520.0,11520.0,11520.0
32000,9.11,11520.0,11520.0,11520.0
32040,9.07,11520.0,11520.0,11520.0
32080,9.02,11520.0,11520.0,11520.0
32120,8.98,11520.0,11520.0,11520.0
32160,8.93,11520.0,11520.0,11520.0
32200,8.89,11520.0,11520.0,11520.0
32240,8.84,11520.0,11520.0,11520.0
32280,8.8,11520.0,11520.0,11520.0
32320,8.75,11520.0,11520.0,11520.0
32360,8.71,11530.0,11520.0,11520.0
32400,8.67,11520.0,11520.0,11520.0
32440,8.62,11520.0,11520.0,11520.0
32480,8.58,11520.0,11520.0,11520.0
32520,8.54,11520.0,11520.0,11520.0
32560,8.49,11520.0,11520.0,11520.0
32600,8.45,11520.0,11520.0,11520.0
32640,8.41,11520.0,11520.0,11520.0
32680,8.37,11520.0,11520.0,11520.0
32720,8.33,11520.0,11520.0,11520.0
32760,8.28,11520.0,11520.0,11520.0
32800,8.24,11520.0,11520.0,11520.0
32840,8.2,11520.0,11520.0,11520.0
32880,8.16,11520.0,11520.0,11520.0
32920,8.12,11520.0,11520.0,11520.0
32960,8.08,11520.0,11520.0,11520.0
33000,8.04,11520.0,11520.0,11520.0
33040,8.0,11520.0,11520.0,11520.0
33080,7.96,11520.0,11520.0,11520.0
33120,7.92,11520.0,11520.0,11520.0
33160,7.88,11520.0,11520.0,11520.0
33200,7.84,11520.0,11520.0,11520.0
33240,7.8,11520.0,11520.0,11520.0
33280,7.76,11520.0,11520.0,11520.0
33320,7.72,11520.0,11520.0,11520.0
33360,7.68,11520.0,11520.0,11520.0
33400,7.65,11520.0,11520.0,11520.0
33440,7.61,11520.0,11520.0,11520.0
33480,7.57,11520.0,11520.0,11520.0
33520,7.53,11520.0,11520.0,11520.0
33560,7.49,11520.0,11520.0,11520.0
33600,7.46,11520.0,11520.0,11520.0
33640,7.42,11520.0,11520.0,11520.0
33680,7.38,11520.0,11520.0,11520.0
33720,7.35,11520.0,11520.0,11520.0
33760,7.31,11520.0,11520.0,11520.0
33800,7.27,11520.0,11520.0,11520.0
33840,7.24,11520.0,11520.0,11520.0
33880,7.2,11520.0,11520.0,11520.0
33920,7.16,11520.0,11520.0,11520.0
33960,7.13,11520.0,11520.0,11520.0
34000,7.09,11520.0,11520.0,11520.0
34040,7.06,11520.0,11520.0,11520.0
34080,7.02,11520.0,11520.0,11520.0
34120,6.99,11520.0,11520.0,11520.0
34160,6.95,11520.0,11520.0,11520.0
34200,6.92,11520.0,11520.0,11520.0
34240,6.88,11520.0,11520.0,11520.0
34280,6.85,11520.0,11520.0,11520.0
34320,6.81,11520.0,11520.0,11520.0
34360,6.78,11520.0,11520.0,11520.0
34400,6.75,11520.0,11520.0,11520.0
34440,6.71,11520.0,11520.0,11520.0
34480,6.68,11520.0,11520.0,11520.0
34520,6.64,11520.0,11520.0,11520.0
34560,6.61,11520.0,11520.0,11520.0
34600,6.58,11520.0,11520.0,11520.0
34640,6.55,11520.0,11520.0,11520.0
34680,6.51,11520.0,11520.0,11520.0
34720,6.48,11520.0,11520.0,11520.0
34760,6.45,11520.0,11520.0,11520.0
34800,6.42,11520.0,11520.0,11520.0
34840,6.38,11520.0,11520.0,11520.0
34880,6.35,11520.0,11520.0,11520.0
34920,6.32,11520.0,11520.0,11520.0
34960,6.29,11520.0,11520.0,11520.0
35000,6.26,11520.0,11520.0,11520.0
35040,6.23,11520.0,11520.0,11520.0
35080,6.19,11520.0,11520.0,11520.0
35120,6.16,11520.0,11520.0,11520.0
35160,6.13,11520.0,11520.0,11520.0
35200,6.1,11520.0,11520.0,11520.0
35240,6.07,11520.0,11520.0,11520.0
35280,6.04,11520.0,11520.0,11520.0
35320,6.01,11520.0,11520.0,11520.0
35360,5.98,11520.0,11520.0,11520.0
35400,5.95,11520.0,11520.0,11520.0
35440,5.92,11520.0,11520.0,11520.0
35480,5.89,11520.0,11520.0,11520.0
35520,5.86,11520.0,11520.0,11520.0
35560,5.83,11520.0,11520.0,11520.0
35600,5.8,11520.0,11520.0,11520.0
35640,5.77,11520.0,11520.0,11520.0
35680,5.75,11520.0,11520.0,11520.0
35720,5.72,11520.0,11520.0,11520.0
35760,5.69,11520.0,11520.0,11520.0
35800,5.66,11520.0,11520.0,11520.0
35840,5.63,11520.0,11520.0,11520.0
35880,5.6,11520.0,11520.0,11520.0
35920,5.58,11520.0,11520.0,11520.0
35960,5.55,11520.0,11520.0,11520.0
36000,5.52,11520.0,11520.0,11520.0
36040,5.49,11520.0,11520.0,11520.0
36080,5.46,11520.0,11520.0,11520.0
36120,5.44,11520.0,11520.0,11520.0
36160,5.41,11520.0,11520.0,11520.0
36200,5.38,11520.0,11520.0,11520.0
36240,5.36,11520.0,11520.0,11520.0
36280,5.33,11520.0,11520.0,11520.0
36320,5.3,11520.0,11520.0,11520.0
36360,5.28,11520.0,11520.0,11520.0
36400,5.25,11520.0,11520.0,11520.0
36440,5.22,11520.0,11520.0,11520.0
36480,5.2,11520.0,11520.0,11520.0
36520,5.17,11520.0,11520.0,11520.0
36560,5.15,11520.0,11520.0,11520.0
36600,5.12,11520.0,11520.0,11520.0
36640,5.09,11520.0,11520.0,11520.0
36680,5.07,11520.0,11520.0,11520.0
36720,5.04,11520.0,11520.0,11520.0
36760,5.02,11520.0,11520.0,11520.0
36800,4.99,11520.0,11520.0,11520.0
36840,4.97,11520.0,11520.0,11520.0
36880,4.94,11520.0,11520.0,11520.0
36920,4.92,11520.0,11520.0,11520.0
36960,4.89,11520.0,11520.0,11520.0
37000,4.87,11520.0,11520.0,11520.0
37040,4.85,11520.0,11520.0,11520.0
37080,4.82,11520.0,11520.0,11520.0
37120,4.8,11520.0,11520.0,11520.0
37160,4.77,11520.0,11520.0,11520.0
37200,4.75,11520.0,11520.0,11520.0
37240,4.73,11520.0,11520.0,11520.0
37280,4.7,11520.0,11520.0,11520.0
37320,4.68,11520.0,11520.0,11520.0
37360,4.65,11520.0,11520.0,11520.0
37400,4.63,11520.0,11520.0,11520.0
37440,4.61,11520.0,11520.0,11520.0
37480,4.59,11520.0,11520.0,11520.0
37520,4.56,11520.0,11520.0,11520.0
37560,4.54,11520.0,11520.0,11520.0
37600,4.52,11520.0,11520.0,11520.0
37640,4.49,11520.0,11520.0,11520.0
37680,4.47,11520.0,11520.0,11520.0
37720,4.45,11520.0,11520.0,11520.0
37760,4.43,11520.0,11520.0,11520.0
37800,4.41,11520.0,11520.0,11520.0
37840,4.38,11520.0,11520.0,11520.0
37880,4.36,11520.0,11520.0,11520.0
37920,4.34,11520.0,11520.0,11520.0
37960,4.32,11520.0,11520.0,11520.0
38000,4.3,11520.0,11520.0,11520.0
38040,4.27,11520.0,11520.0,11520.0
38080,4.25,11520.0,11520.0,11520.0
38120,4.23,11520.0,11520.0,11520.0
38160,4.21,11520.0,11520.0,11520.0
38200,4.19,11520.0,11520.0,11520.0
38240,4.17,11520.0,11520.0,11520.0
38280,4.15,11520.0,11520.0,11520.0
38320,4.13,11520.0,11520.0,11520.0
38360,4.11,11520.0,11520.0,11520.0
38400,4.09,11520.0,11520.0,11520.0
38440,4.07,11520.0,11520.0,11520.0
38480,4.05,11520.0,11520.0,11520.0
38520,4.03,11520.0,11520.0,11520.0
38560,4.0,11520.0,11520.0,11520.0
38600,3.98,11520.0,11520.0,11520.0
38640,3.96,11520.0,11520.0,11520.0
38680,3.95,11520.0,11520.0,11520.0
38720,3.93,11520.0,11520.0,11520.0
38760,3.91,11520.0,11520.0,11520.0
38800,3.89,11520.0,11520.0,11520.0
38840,3.87,11520.0,11520.0,11520.0
38880,3.85,11520.0,11520.0,11520.0
38920,3.83,11520.0,11520.0,11520.0
38960,3.81,11520.0,11520.0,11520.0
39000,3.79,11520.0,11520.0,11520.0
39040,3.77,11520.0,11520.0,11520.0
39080,3.75,11520.0,11520.0,11520.0
39120,3.73,11520.0,11520.0,11520.0
39160,3.71,11520.0,11520.0,11520.0
39200,3.7,11520.0,11520.0,11520.0
39240,3.68,11520.0,11520.0,11520.0
39280,3.66,11520.0,11520.0,11520.0
39320,3.64,11520.0,11520.0,11520.0
39360,3.62,11520.0,11520.0,11520.0
39400,3.6,11520.0,11520.0,11520.0
39440,3.59,11520.0,11520.0,11520.0
39480,3.57,11520.0,11520.0,11520.0
39520,3.55,11520.0,11520.0,11520.0
39560,3.53,11520.0,11520.0,11520.0
39600,3.52,11520.0,11520.0,11520.0
39640,3.5,11520.0,11520.0,11520.0
39680,3.48,11520.0,11520.0,11520.0
39720,3.46,11520.0,11520.0,11520.0
39760,3.45,11520.0,11520.0,11520.0
39800,3.43,11520.0,11520.0,11520.0
39840,3.41,11520.0,11520.0,11520.0
39880,3.39,11520.0,11520.0,11520.0
39920,3.38,11520.0,11520.0,11520.0
39960,3.36,11520.0,11520.0,11520.0
40000,3.34,11520.0,11520.0,11520.0
40040,3.33,11520.0,11520.0,11520.0
40080,3.31,11520.0,11520.0,11520.0
40120,3.29,11520.0,11520.0,11520.0
40160,3.28,11520.0,11520.0,11520.0
40200,3.26,11520.0,11520.0,11520.0
40240,3.24,11520.0,11520.0,11520.0
40280,3.23,11520.0,11520.0,11520.0
40320,3.21,11520.0,11520.0,11520.0
40360,3.2,11520.0,11520.0,11520.0
40400,3.18,11520.0,11520.0,11520.0
40440,3.16,11520.0,11520.0,11520.0
40480,3.15,11520.0,11520.0,11520.0
40520,3.13,11520.0,11520.0,11520.0
40560,3.12,11520.0,11520.0,11520.0
40600,3.1,11520.0,11520.0,11520.0
40640,3.09,11520.0,11520.0,11520.0
40680,3.07,11520.0,11520.0,11520.0
40720,3.06,11520.0,11520.0,11520.0
40760,3.04,11520.0,11520.0,11520.0
40800,3.02,11520.0,11520.0,11520.0
40840,3.01,11520.0,11520.0,11520.0
40880,2.99,11520.0,11520.0,11520.0
40920,2.98,11520.0,11520.0,11520.0
40960,2.96,11520.0,11520.0,11520.0
41000,2.95,11520.0,11520.0,11520.0
41040,2.94,11520.0,11520.0,11520.0
41080,2.92,11520.0,11520.0,11520.0
41120,2.91,11520.0,11520.0,11520.0
41160,2.89,11520.0,11520.0,11520.0
41200,2.88,11520.0,11520.0,11520.0
41240,2.86,11520.0,11520.0,11520.0
41280,2.85,11520.0,11520.0,11520.0
41320,2.83,11520.0,11520.0,11520.0
41360,2.82,11520.0,11520.0,11520.0
41400,2.81,11520.0,11520.0,11520.0
41440,2.79,11520.0,11520.0,11520.0
41480,2.78,11520.0,11520.0,11520.0
41520,2.76,11520.0,11520.0,11520.0
41560,2.75,11520.0,11520.0,11520.0
41600,2.74,11520.0,11520.0,11520.0
41640,2.72,11520.0,11520.0,11520.0
41680,2.71,11520.0,11520.0,11520.0
41720,2.7,11520.0,11520.0,11520.0
41760,2.68,11520.0,11520.0,11520.0
41800,2.67,11520.0,11520.0,11520.0
41840,2.66,11520.0,11520.0,11520.0
41880,2.64,11520.0,11520.0,11520.0
41920,2.63,11520.0,11520.0,11520.0
41960,2.62,11520.0,11520.0,11520.0
42000,2.6,11520.0,11520.0,11520.0
42040,2.59,11520.0,11520.0,11520.0
42080,2.58,11520.0,11520.0,11520.0
42120,2.56,11520.0,11520.0,11520.0
42160,2.55,11520.0,11520.0,11520.0
42200,2.54,11520.0,11520.0,11520.0
42240,2.53,11520.0,11520.0,11520.0
42280,2.51,11520.0,11520.0,11520.0
42320,2.5,11520.0,11520.0,11520.0
42360,2.49,11520.0,11520.0,11520.0
42400,2.48,11520.0,11520.0,11520.0
42440,2.46,11520.0,11520.0,11520.0
42480,2.45,11520.0,11520.0,11520.0
42520,2.44,11520.0,11520.0,11520.0
42560,2.43,11520.0,11520.0,11520.0
42600,2.41,11520.0,11520.0,11520.0
42640,2.4,11520.0,11520.0,11520.0
42680,2.39,11520.0,11520.0,11520.0
42720,2.38,11520.0,11520.0,11520.0
42760,2.37,11520.0,11520.0,11520.0
42800,2.35,11520.0,11520.0,11520.0
42840,2.34,11520.0,11520.0,11520.0
42880,2.33,11520.0,11520.0,11520.0
42920,2.32,11520.0,11520.0,11520.0
42960,2.31,11520.0,11520.0,11520.0
43000,2.3,11520.0,11520.0,11520.0
43040,2.28,11520.0,11520.0,11520.0
43080,2.27,11520.0,11520.0,11520.0
43120,2.26,11520.0,11520.0,11520.0
43160,2.25,11520.0,11520.0,11520.0
43200,2.24,11520.0,11520.0,11520.0
43240,2.23,11520.0,11520.0,11520.0
43280,2.22,11520.0,11520.0,11520.0
43320,2.21,11520.0,11520.0,11520.0
43360,2.19,11520.0,11520.0,11520.0
43400,2.18,11520.0,11520.0,11520.0
43440,2.17,11520.0,11520.0,11520.0
43480,2.16,11520.0,11520.0,11520.0
43520,2.15,11520.0,11520.0,11520.0
43560,2.14,11520.0,11520.0,11520.0
43600,2.13,11520.0,11520.0,11520.0
43640,2.12,11520.0,11520.0,11520.0
43680,2.11,11520.0,11520.0,11520.0
43720,2.1,11520.0,11520.0,11520.0
43760,2.09,11520.0,11520.0,11520.0
43800,2.08,11520.0,11520.0,11520.0
43840,2.07,11520.0,11520.0,11520.0
43880,2.06,11520.0,11520.0,11520.0
43920,2.05,11520.0,11520.0,11520.0
43960,2.04,11520.0,11520.0,11520.0
44000,2.03,11520.0,11520.0,11520.0
44040,2.02,11520.0,11520.0,11520.0
44080,2.01,11520.0,11520.0,11520.0
44120,2.0,11520.0,11520.0,11520.0
44160,1.99,11520.0,11520.0,11520.0
44200,1.98,11520.0,11520.0,11520.0
44240,1.97,11520.0,11520.0,11520.0
44280,1.96,11520.0,11520.0,11520.0
44320,1.95,11520.0,11520.0,11520.0
44360,1.94,11520.0,11520.0,11520.0
44400,1.93,11520.0,11520.0,11520.0
44440,1.92,11520.0,11520.0,11520.0
44480,1.91,11520.0,11520.0,11520.0
44520,1.9,11520.0,11520.0,11520.0
44560,1.89,11520.0,11520.0,11520.0
44600,1.88,11520.0,11520.0,11520.0
44640,1.87,11520.0,11520.0,11520.0
44680,1.86,11520.0,11520.0,11520.0
44720,1.85,11520.0,11520.0,11520.0
44760,1.84,11520.0,11520.0,11520.0
44800,1.83,11520.0,11520.0,11520.0
44840,1.82,11520.0,11520.0,11520.0
44880,1.81,11520.0,11520.0,11520.0
44920,1.8,11520.0,11520.0,11520.0
44960,1.8,11520.0,11520.0,11520.0
45000,1.79,11520.0,11520.0,11520.0
45040,1.78,11520.0,11520.0,11520.0
45080,1.77,11520.0,11520.0,11520.0
45120,1.76,11520.0,11520.0,11520.0
45160,1.75,11520.0,11520.0,11520.0
45200,1.74,11520.0,11520.0,11520.0
45240,1.73,11520.0,11520.0,11520.0
45280,1.73,11520.0,11520.0,11520.0
45320,1.72,11520.0,11520.0,11520.0
45360,1.71,11520.0,11520.0,11520.0
45400,1.7,11520.0,11520.0,11520.0
45440,1.69,11520.0,11520.0,11520.0
45480,1.68,11520.0,11520.0,11520.0
45520,1.67,11520.0,11520.0,11520.0
45560,1.67,11520.0,11520.0,11520.0
45600,1.66,11520.0,11520.0,11520.0
45640,1.65,11520.0,11520.0,11520.0
45680,1.64,11520.0,11520.0,11520.0
45720,1.63,11520.0,11520.0,11520.0
45760,1.62,11520.0,11520.0,11520.0
45800,1.62,11520.0,11520.0,11520.0
45840,1.61,11520.0,11520.0,11520.0
45880,1.6,11520.0,11520.0,11520.0
45920,1.59,11520.0,11520.0,11520.0
45960,1.58,11520.0,11520.0,11520.0
46000,1.58,11520.0,11520.0,11520.0
46040,1.57,11520.0,11520.0,11520.0
46080,1.56,11520.0,11520.0,11520.0
46120,1.55,11520.0,11520.0,11520.0
46160,1.55,11520.0,11520.0,11520.0
46200,1.54,11520.0,11520.0,11520.0
46240,1.53,11520.0,11520.0,11520.0
46280,1.52,11520.0,11520.0,11520.0
46320,1.51,11520.0,11520.0,11520.0
46360,1.51,11520.0,11520.0,11520.0
46400,1.5,11520.0,11520.0,11520.0
46440,1.49,11520.0,11520.0,11520.0
46480,1.48,11520.0,11520.0,11520.0
46520,1.48,11520.0,11520.0,11520.0
46560,1.47,11520.0,11520.0,11520.0
46600,1.46,11520.0,11520.0,11520.0
46640,1.45,11520.0,11520.0,11520.0
46680,1.45,11520.0,11520.0,11520.0
46720,1.44,11520.0,11520.0,11520.0
46760,1.43,11520.0,11520.0,11520.0
46800,1.43,11520.0,11520.0,11520.0
46840,1.42,11520.0,11520.0,11520.0
46880,1.41,11520.0,11520.0,11520.0
46920,1.4,11520.0,11520.0,11520.0
46960,1.4,11520.0,11520.0,11520.0
47000,1.39,11520.0,11520.0,11520.0
47040,1.38,11520.0,11520.0,11520.0
47080,1.38,11520.0,11520.0,11520.0
47120,1.37,11520.0,11520.0,11520.0
47160,1.36,11520.0,11520.0,11520.0
47200,1.36,11520.0,11520.0,11520.0
47240,1.35,11520.0,11520.0,11520.0
47280,1.34,11520.0,11520.0,11520.0
47320,1.34,11520.0,11520.0,11520.0
47360,1.33,11520.0,11520.0,11520.0
47400,1.32,11520.0,11520.0,11520.0
47440,1.32,11520.0,11520.0,11520.0
47480,1.31,11520.0,11520.0,11520.0
47520,1.3,11520.0,11520.0,11520.0
47560,1.3,11520.0,11520.0,11520.0
47600,1.29,11520.0,11520.0,11520.0
47640,1.28,11520.0,11520.0,11520.0
47680,1.28,11520.0,11520.0,11520.0
47720,1.27,11520.0,11520.0,11520.0
47760,1.26,11520.0,11520.0,11520.0
47800,1.26,11520.0,11520.0,11520.0
47840,1.25,11520.0,11520.0,11520.0
47880,1.25,11520.0,11520.0,11520.0
47920,1.24,11520.0,11520.0,11520.0
47960,1.23,11520.0,11520.0,11520.0
48000,1.23,11520.0,11520.0,11520.0
48040,1.22,11520.0,11520.0,11520.0
48080,1.21,11520.0,11520.0,11520.0
48120,1.21,11520.0,11520.0,11520.0
48160,1.2,11520.0,11520.0,11520.0
48200,1.2,11520.0,11520.0,11520.0
48240,1.19,11520.0,11520.0,11520.0
48280,1.18,11520.0,11520.0,11520.0
48320,1.18,11520.0,11520.0,11520.0
48360,1.17,11520.0,11520.0,11520.0
48400,1.17,11520.0,11520.0,11520.0
48440,1.16,11520.0,11520.0,11520.0
48480,1.16,11520.0,11520.0,11520.0
48520,1.15,11520.0,11520.0,11520.0
48560,1.14,11520.0,11520.0,11520.0
48600,1.14,11520.0,11520.0,11520.0
48640,1.13,11520.0,11520.0,11520.0
48680,1.13,11520.0,11520.0,11520.0
48720,1.12,11520.0,11520.0,11520.0
48760,1.12,11520.0,11520.0,11520.0
48800,1.11,11520.0,11520.0,11520.0
48840,1.1,11520.0,11520.0,11520.0
48880,1.1,11520.0,11520.0,11520.0
48920,1.09,11520.0,11520.0,11520.0
48960,1.09,11520.0,11520.0,11520.0
49000,1.08,11520.0,11520.0,11520.0
49040,1.08,11520.0,11520.0,11520.0
49080,1.07,11520.0,11520.0,11520.0
49120,1.07,11520.0,11520.0,11520.0
49160,1.06,11520.0,11520.0,11520.0
49200,1.06,11520.0,11520.0,11520.0
49240,1.05,11520.0,11520.0,11520.0
49280,1.05,11520.0,11520.0,11520.0
49320,1.04,11520.0,11520.0,11520.0
49360,1.03,11520.0,11520.0,11520.0
49400,1.03,11520.0,11520.0,11520.0
49440,1.02,11520.0,11520.0,11520.0
49480,1.02,11520.0,11520.0,11520.0
49520,1.01,11520.0,11520.0,11520.0
49560,1.01,11520.0,11520.0,11520.0
49600,1.0,11520.0,11520.0,11520.0
49640,1.0,11520.0,11520.0,11520.0
49680,0.99,11520.0,11520.0,11520.0
49720,0.99,11520.0,11520.0,11520.0
49760,0.98,11520.0,11520.0,11520.0
49800,0.98,11520.0,11520.0,11520.0
49840,0.97,11520.0,11520.0,11520.0
49880,0.97,11520.0,11520.0,11520.0
49920,0.96,11520.0,11520.0,11520.0
49960,0.96,11520.0,11520.0,11520.0
50000,0.95,11520.0,11520.0,11520.0
50040,0.95,11520.0,11520.0,11520.0
50080,0.95,11520.0,11520.0,11520.0
50120,0.94,11520.0,11520.0,11520.0
50160,0.94,11520.0,11520.0,11520.0
50200,0.93,11520.0,11520.0,11520.0
50240,0.93,11520.0,11520.0,11520.0
50280,0.92,11520.0,11520.0,11520.0
50320,0.92,11520.0,11520.0,11520.0
50360,0.91,11520.0,11520.0,11520.0
50400,0.91,11520.0,11520.0,11520.0
50440,0.9,11520.0,11520.0,11520.0
50480,0.9,11520.0,11520.0,11520.0
50520,0.89,11520.0,11520.0,11520.0
50560,0.89,11520.0,11520.0,11520.0
50600,0.89,11520.0,11520.0,11520.0
50640,0.88,11520.0,11520.0,11520.0
50680,0.88,11520.0,11520.0,11520.0
50720,0.87,11520.0,11520.0,11520.0
50760,0.87,11520.0,11520.0,11520.0
50800,0.86,11520.0,11520.0,11520.0
50840,0.86,11520.0,11520.0,11520.0
50880,0.86,11520.0,11520.0,11520.0
50920,0.85,11520.0,11520.0,11520.0
50960,0.85,11520.0,11520.0,11520.0
51000,0.84,11520.0,11520.0,11520.0
51040,0.84,11520.0,11520.0,11520.0
51080,0.83,11520.0,11520.0,11520.0
51120,0.83,11520.0,11520.0,11520.0
51160,0.83,11520.0,11520.0,11520.0
51200,0.82,11520.0,11520.0,11520.0
51240,0.82,11520.0,11520.0,11520.0
51280,0.81,11520.0,11520.0,11520.0
51320,0.81,11520.0,11520.0,11520.0
51360,0.81,11520.0,11520.0,11520.0
51400,0.8,11520.0,11520.0,11520.0
51440,0.8,11520.0,11520.0,11520.0
51480,0.79,11520.0,11520.0,11520.0
51520,0.79,11520.0,11520.0,11520.0
51560,0.79,11520.0,11520.0,11520.0
51600,0.78,11520.0,11520.0,11520.0
51640,0.78,11520.0,11520.0,11520.0
51680,0.77,11520.0,11520.0,11520.0
51720,0.77,11520.0,11520.0,11520.0
51760,0.77,11520.0,11520.0,11520.0
51800,0.76,11520.0,11520.0,11520.0
51840,0.76,11520.0,11520.0,11520.0
51880,0.75,11520.0,11520.0,11520.0
51920,0.75,11520.0,11520.0,11520.0
51960,0.75,11520.0,11520.0,11520.0
52000,0.74,11520.0,11520.0,11520.0
52040,0.74,11520.0,11520.0,11520.0
52080,0.74,11520.0,11520.0,11520.0
52120,0.73,11520.0,11520.0,11520.0
52160,0.73,11520.0,11520.0,11520.0
52200,0.72,11520.0,11520.0,11520.0
52240,0.72,11520.0,11520.0,11520.0
52280,0.72,11520.0,11520.0,11520.0
52320,0.71,11520.0,11520.0,11520.0
52360,0.71,11520.0,11520.0,11520.0
52400,0.71,11520.0,11520.0,11520.0
52440,0.7,11520.0,11520.0,11520.0
52480,0.7,11520.0,11520.0,11520.0
52520,0.7,11520.0,11520.0,11520.0
52560,0.69,11520.0,11520.0,11520.0
52600,0.69,11520.0,11520.0,11520.0
52640,0.69,11520.0,11520.0,11520.0
52680,0.68,11520.0,11520.0,11520.0
52720,0.68,11520.0,11520.0,11520.0
52760,0.68,11520.0,11520.0,11520.0
52800,0.67,11520.0,11520.0,11520.0
52840,0.67,11520.0,11520.0,11520.0
52880,0.67,11520.0,11520.0,11520.0
52920,0.66,11520.0,11520.0,11520.0
52960,0.66,11520.0,11520.0,11520.0
53000,0.66,11520.0,11520.0,11520.0
53040,0.65,11520.0,11520.0,11520.0
53080,0.65,11520.0,11520.0,11520.0
53120,0.65,11520.0,11520.0,11520.0
53160,0.64,11520.0,11520.0,11520.0
53200,0.64,11520.0,11520.0,11520.0
53240,0.64,11520.0,11520.0,11520.0
53280,0.63,11520.0,11520.0,11520.0
53320,0.63,11520.0,11520.0,11520.0
53360,0.63,11520.0,11520.0,11520.0
53400,0.62,11520.0,11520.0,11520.0
53440,0.62,11520.0,11520.0,11520.0
53480,0.62,11520.0,11520.0,11520.0
53520,0.61,11520.0,11520.0,11520.0
53560,0.61,11520.0,11520.0,11520.0
53600,0.61,11520.0,11520.0,11520.0
53640,0.61,11520.0,11520.0,11520.0
53680,0.6,11520.0,11520.0,11520.0
53720,0.6,11520.0,11520.0,11520.0
53760,0.6,11520.0,11520.0,11520.0
53800,0.59,11520.0,11520.0,11520.0
53840,0.59,11520.0,11520.0,11520.0
53880,0.59,11520.0,11520.0,11520.0
53920,0.58,11520.0,11520.0,11520.0
53960,0.58,11520.0,11520.0,11520.0
54000,0.58,11520.0,11520.0,11520.0
54040,0.58,11520.0,11520.0,11520.0
54080,0.57,11520.0,11520.0,11520.0
54120,0.57,11520.0,11520.0,11520.0
54160,0.57,11520.0,11520.0,11520.0
54200,0.56,11520.0,11520.0,11520.0
54240,0.56,11520.0,11520.0,11520.0
54280,0.56,11520.0,11520.0,11520.0
54320,0.56,11520.0,11520.0,11520.0
54360,0.55,11520.0,11520.0,11520.0
54400,0.55,11520.0,11520.0,11520.0
54440,0.55,11520.0,11520.0,11520.0
54480,0.54,11520.0,11520.0,11520.0
54520,0.54,11520.0,11520.0,11520.0
54560,0.54,11520.0,11520.0,11520.0
54600,0.54,11520.0,11520.0,11520.0
54640,0.53,11520.0,11520.0,11520.0
54680,0.53,11520.0,11520.0,11520.0
54720,0.53,11520.0,11520.0,11520.0
54760,0.53,11520.0,11520.0,11520.0
54800,0.52,11520.0,11520.0,11520.0
54840,0.52,11520.0,11520.0,11520.0
54880,0.52,11520.0,11520.0,11520.0
54920,0.52,11520.0,11520.0,11520.0
54960,0.51,11520.0,11520.0,11520.0
55000,0.51,11520.0,11520.0,11520.0
55040,0.51,11520.0,11520.0,11520.0
55080,0.51,11520.0,11520.0,11520.0
55120,0.5,11520.0,11520.0,11520.0
55160,0.5,11520.0,11520.0,11520.0
