step,temp,current_cost,best_cost
40,500.0,20062.3,18651.0
80,497.5,21781.0,18651.0
120,495.01,24164.0,18651.0
160,492.54,21589.6,18651.0
200,490.07,20845.8,18651.0
240,487.62,21772.7,18651.0
280,485.19,17346.2,16275.5
320,482.76,20075.3,16275.5
360,480.35,22427.0,16275.5
400,477.94,22624.0,16275.5
440,475.56,25754.8,16275.5
480,473.18,28795.7,16275.5
520,470.81,28821.8,16275.5
560,468.46,25752.9,16275.5
600,466.12,28090.6,16275.5
640,463.78,22270.7,16275.5
680,461.47,24207.0,16275.5
720,459.16,22510.0,16275.5
760,456.86,20251.4,16275.5
800,454.58,19223.0,16275.5
840,452.31,19321.1,16275.5
880,450.04,22236.6,16275.5
920,447.79,23374.9,16275.5
960,445.55,23377.4,16275.5
1000,443.33,24202.4,16275.5
1040,441.11,21636.2,16275.5
1080,438.9,21024.0,16275.5
1120,436.71,21591.2,16275.5
1160,434.53,21737.4,16275.5
1200,432.35,22799.3,16275.5
1240,430.19,21757.3,16275.5
1280,428.04,20747.0,16275.5
1320,425.9,21973.4,16275.5
1360,423.77,20893.5,16275.5
1400,421.65,23305.3,16275.5
1440,419.54,22150.2,16275.5
1480,417.45,24454.6,16275.5
1520,415.36,24906.2,16275.5
1560,413.28,24204.0,16275.5
1600,411.22,25493.7,16275.5
1640,409.16,20927.3,16275.5
1680,407.11,20835.5,16275.5
1720,405.08,21368.3,16275.5
1760,403.05,20487.4,16275.5
1800,401.04,20167.7,16275.5
1840,399.03,20048.5,16275.5
1880,397.04,21216.9,16275.5
1920,395.05,19425.5,16275.5
1960,393.08,19818.0,16275.5
2000,391.11,19540.8,16275.5
2040,389.16,17791.8,16275.5
2080,387.21,20070.9,16275.5
2120,385.27,23272.8,16275.5
2160,383.35,22602.6,16275.5
2200,381.43,21697.5,16275.5
2240,379.52,21525.5,16275.5
2280,377.63,25152.7,16275.5
2320,375.74,25580.5,16275.5
2360,373.86,22014.3,16275.5
2400,371.99,20899.1,16275.5
2440,370.13,18719.1,16275.5
2480,368.28,19112.7,16275.5
2520,366.44,17762.6,16275.5
2560,364.61,16414.7,15933.9
2600,362.78,15778.1,15412.1
2640,360.97,14767.1,14631.3
2680,359.16,14794.9,14586.3
2720,357.37,14547.0,14547.0
2760,355.58,16282.7,14547.0
2800,353.8,17212.9,14547.0
2840,352.03,16306.6,14547.0
2880,350.27,15385.4,14547.0
2920,348.52,18207.2,14547.0
2960,346.78,18952.0,14547.0
3000,345.05,16739.4,14547.0
3040,343.32,15646.4,14547.0
3080,341.6,16373.3,14547.0
3120,339.9,15256.9,14547.0
3160,338.2,14242.8,14130.9
3200,336.51,15831.4,14130.9
3240,334.82,18235.9,14130.9
3280,333.15,18236.2,14130.9
3320,331.48,16843.4,14130.9
3360,329.83,15832.3,14130.9
3400,328.18,15877.9,14130.9
3440,326.54,15518.1,14130.9
3480,324.9,14554.2,14130.9
3520,323.28,14442.0,14130.9
3560,321.66,14536.2,14130.9
3600,320.05,14350.9,14130.9
3640,318.45,15338.5,14130.9
3680,316.86,16419.7,14130.9
3720,315.28,15618.4,14130.9
3760,313.7,15447.1,14130.9
3800,312.13,16455.5,14130.9
3840,310.57,15756.1,14130.9
3880,309.02,16353.2,14130.9
3920,307.47,16720.6,14130.9
3960,305.94,14391.6,14130.9
4000,304.41,15106.7,14092.0
4040,302.89,16873.5,14092.0
4080,301.37,17917.6,14092.0
4120,299.86,18788.4,14092.0
4160,298.36,18735.7,14092.0
4200,296.87,17922.4,14092.0
4240,295.39,17102.3,14092.0
4280,293.91,14828.9,14092.0
4320,292.44,16412.9,14092.0
4360,290.98,15577.1,14092.0
4400,289.52,15947.8,14092.0
4440,288.08,16795.5,14092.0
4480,286.64,16697.7,14092.0
4520,285.2,16099.2,14092.0
4560,283.78,16369.1,14092.0
4600,282.36,15725.8,14092.0
4640,280.95,15128.9,14092.0
4680,279.54,15234.8,14092.0
4720,278.14,15127.8,14092.0
4760,276.75,16617.2,14092.0
4800,275.37,14496.7,14092.0
4840,273.99,14029.2,13966.2
4880,272.62,14450.8,13845.5
4920,271.26,14925.5,13845.5
4960,269.9,16447.5,13845.5
5000,268.55,18068.6,13845.5
5040,267.21,15532.4,13845.5
5080,265.88,16084.3,13845.5
5120,264.55,17142.8,13845.5
5160,263.22,18035.4,13845.5
5200,261.91,17426.7,13845.5
5240,260.6,17013.2,13845.5
5280,259.29,17140.5,13845.5
5320,258.0,16544.0,13845.5
5360,256.71,15259.4,13845.5
5400,255.42,16150.0,13845.5
5440,254.15,14401.5,13845.5
5480,252.88,13522.7,13522.7
5520,251.61,15933.4,13451.2
5560,250.35,15647.5,13451.2
5600,249.1,17398.7,13451.2
5640,247.86,15693.4,13451.2
5680,246.62,15778.3,13451.2
5720,245.38,16627.5,13451.2
5760,244.16,16263.9,13451.2
5800,242.94,17615.4,13451.2
5840,241.72,17485.3,13451.2
5880,240.51,16894.4,13451.2
5920,239.31,14747.4,13451.2
5960,238.11,14679.1,13451.2
6000,236.92,15531.2,13451.2
6040,235.74,14160.2,13451.2
6080,234.56,13147.0,13120.5
6120,233.39,13042.8,12978.5
6160,232.22,13117.6,12961.3
6200,231.06,13435.2,12961.3
6240,229.9,13220.4,12961.3
6280,228.76,12068.6,12068.6
6320,227.61,12036.3,12036.3
6360,226.47,12004.1,12004.1
6400,225.34,11907.8,11814.8
6440,224.21,11882.2,11814.8
6480,223.09,12751.6,11627.8
6520,221.98,12772.2,11627.8
6560,220.87,13097.1,11627.8
6600,219.76,11996.9,11627.8
6640,218.66,11579.0,11556.3
6680,217.57,11730.7,11515.4
6720,216.48,11924.6,11515.4
6760,215.4,13429.4,11515.4
6800,214.32,12785.2,11515.4
6840,213.25,11470.4,11470.4
6880,212.19,12515.2,11470.4
6920,211.13,12347.1,11470.4
6960,210.07,12195.9,11470.4
7000,209.02,12124.4,11470.4
7040,207.97,11202.4,11202.4
7080,206.93,9661.6,9661.6
7120,205.9,9615.0,9615.0
7160,204.87,9825.5,9615.0
7200,203.85,9314.4,9161.4
7240,202.83,9496.5,9161.4
7280,201.81,9288.2,9161.4
7320,200.8,9049.3,8875.7
7360,199.8,9693.1,8875.7
7400,198.8,9879.8,8875.7
7440,197.81,10319.7,8875.7
7480,196.82,10403.3,8875.7
7520,195.83,10565.4,8875.7
7560,194.85,11162.7,8875.7
7600,193.88,11343.5,8875.7
7640,192.91,11911.5,8875.7
7680,191.95,11273.0,8875.7
7720,190.99,11452.1,8875.7
7760,190.03,11016.6,8875.7
7800,189.08,11167.3,8875.7
7840,188.14,10376.1,8875.7
7880,187.19,9869.7,8875.7
7920,186.26,9852.5,8875.7
7960,185.33,10161.1,8875.7
8000,184.4,10041.6,8875.7
8040,183.48,9857.4,8875.7
8080,182.56,9604.4,8875.7
8120,181.65,9757.8,8875.7
8160,180.74,10035.0,8875.7
8200,179.84,9747.5,8875.7
8240,178.94,9624.4,8875.7
8280,178.04,9421.7,8875.7
8320,177.15,9505.5,8875.7
8360,176.27,10499.4,8875.7
8400,175.39,9928.4,8875.7
8440,174.51,9983.0,8875.7
8480,173.64,9936.4,8875.7
8520,172.77,10208.5,8875.7
8560,171.9,10437.6,8875.7
8600,171.04,10269.9,8875.7
8640,170.19,10729.9,8875.7
8680,169.34,10837.2,8875.7
8720,168.49,10687.9,8875.7
8760,167.65,10084.7,8875.7
8800,166.81,10245.0,8875.7
8840,165.98,10029.7,8875.7
8880,165.15,9762.1,8875.7
8920,164.32,9658.7,8875.7
8960,163.5,9818.7,8875.7
9000,162.68,9799.1,8875.7
9040,161.87,9574.0,8875.7
9080,161.06,9799.8,8875.7
9120,160.25,9756.1,8875.7
9160,159.45,9875.6,8875.7
9200,158.66,9589.0,8875.7
9240,157.86,9506.4,8875.7
9280,157.07,9437.7,8875.7
9320,156.29,9069.8,8875.7
9360,155.51,8134.1,7929.3
9400,154.73,7954.9,7920.8
9440,153.96,7737.2,7678.7
9480,153.19,8049.2,7673.6
9520,152.42,8186.9,7673.6
9560,151.66,8235.7,7673.6
9600,150.9,7962.6,7673.6
9640,150.14,7698.7,7673.6
9680,149.39,7694.1,7673.6
9720,148.65,7846.9,7673.6
9760,147.9,7719.3,7673.6
9800,147.16,7771.0,7673.6
9840,146.43,7766.8,7673.6
9880,145.7,8495.8,7673.6
9920,144.97,8449.1,7673.6
9960,144.24,8511.1,7673.6
10000,143.52,8667.3,7673.6
10040,142.8,8863.2,7673.6
10080,142.09,9145.7,7673.6
10120,141.38,9055.7,7673.6
10160,140.67,9403.2,7673.6
10200,139.97,9350.9,7673.6
10240,139.27,9658.6,7673.6
10280,138.57,9538.7,7673.6
10320,137.88,9638.1,7673.6
10360,137.19,9169.5,7673.6
10400,136.5,9276.2,7673.6
10440,135.82,9825.7,7673.6
10480,135.14,9405.6,7673.6
10520,134.47,9369.6,7673.6
10560,133.8,9696.5,7673.6
10600,133.13,9623.1,7673.6
10640,132.46,9396.5,7673.6
10680,131.8,9532.2,7673.6
10720,131.14,9589.2,7673.6
10760,130.48,9533.7,7673.6
10800,129.83,9389.7,7673.6
10840,129.18,9384.9,7673.6
10880,128.54,9356.2,7673.6
10920,127.89,9220.8,7673.6
10960,127.25,9693.8,7673.6
11000,126.62,9593.3,7673.6
11040,125.98,9431.6,7673.6
11080,125.35,9255.4,7673.6
11120,124.73,9038.4,7673.6
11160,124.1,9158.3,7673.6
11200,123.48,8984.8,7673.6
11240,122.87,8920.6,7673.6
11280,122.25,9085.1,7673.6
11320,121.64,9112.3,7673.6
11360,121.03,8994.4,7673.6
11400,120.43,8714.3,7673.6
11440,119.83,8220.1,7673.6
11480,119.23,8269.6,7673.6
11520,118.63,8189.3,7673.6
11560,118.04,8258.2,7673.6
11600,117.45,8656.5,7673.6
11640,116.86,8741.4,7673.6
11680,116.28,8747.1,7673.6
11720,115.69,8779.0,7673.6
11760,115.12,8898.9,7673.6
11800,114.54,8906.9,7673.6
11840,113.97,8875.2,7673.6
11880,113.4,8949.3,7673.6
11920,112.83,9095.5,7673.6
11960,112.27,9074.5,7673.6
12000,111.7,8872.4,7673.6
12040,111.15,8928.9,7673.6
12080,110.59,8851.8,7673.6
12120,110.04,8604.0,7673.6
12160,109.49,8784.8,7673.6
12200,108.94,8581.9,7673.6
12240,108.4,8498.1,7673.6
12280,107.85,8505.5,7673.6
12320,107.31,8551.6,7673.6
12360,106.78,8839.8,7673.6
12400,106.24,8807.2,7673.6
12440,105.71,8757.5,7673.6
12480,105.18,8895.2,7673.6
12520,104.66,9064.2,7673.6
12560,104.13,9108.6,7673.6
12600,103.61,9113.2,7673.6
12640,103.1,8899.0,7673.6
12680,102.58,8682.4,7673.6
12720,102.07,8754.5,7673.6
12760,101.56,8842.7,7673.6
12800,101.05,8805.4,7673.6
12840,100.54,8695.8,7673.6
12880,100.04,8503.3,7673.6
12920,99.54,8698.3,7673.6
12960,99.04,8520.9,7673.6
13000,98.55,8714.0,7673.6
13040,98.06,8804.3,7673.6
13080,97.57,8979.8,7673.6
13120,97.08,9055.3,7673.6
13160,96.59,9122.2,7673.6
13200,96.11,9259.5,7673.6
13240,95.63,9100.5,7673.6
13280,95.15,9117.5,7673.6
13320,94.67,8852.4,7673.6
13360,94.2,8801.2,7673.6
13400,93.73,8710.2,7673.6
13440,93.26,8240.3,7673.6
13480,92.8,8240.3,7673.6
13520,92.33,8204.4,7673.6
13560,91.87,8173.9,7673.6
13600,91.41,8084.5,7673.6
13640,90.95,8148.2,7673.6
13680,90.5,8073.2,7673.6
13720,90.05,7970.3,7673.6
13760,89.6,8057.8,7673.6
13800,89.15,7982.0,7673.6
13840,88.7,7949.9,7673.6
13880,88.26,8013.0,7673.6
13920,87.82,8089.1,7673.6
13960,87.38,8175.4,7673.6
14000,86.94,8184.8,7673.6
14040,86.51,8231.7,7673.6
14080,86.07,8193.5,7673.6
14120,85.64,8188.7,7673.6
14160,85.22,8023.5,7673.6
14200,84.79,8008.8,7673.6
14240,84.37,7946.4,7673.6
14280,83.94,7807.7,7673.6
14320,83.52,7813.6,7673.6
14360,83.11,7737.7,7641.2
14400,82.69,7741.1,7622.5
14440,82.28,7772.0,7622.5
14480,81.87,7752.2,7622.5
14520,81.46,7701.2,7622.5
14560,81.05,7649.5,7622.5
14600,80.64,7712.6,7622.5
14640,80.24,7884.4,7622.5
14680,79.84,7745.4,7622.5
14720,79.44,7786.5,7622.5
14760,79.04,7908.2,7622.5
14800,78.65,7960.0,7622.5
14840,78.25,8070.0,7622.5
14880,77.86,8056.9,7622.5
14920,77.47,8107.2,7622.5
14960,77.09,8104.6,7622.5
15000,76.7,8189.5,7622.5
15040,76.32,8153.1,7622.5
15080,75.94,8356.6,7622.5
15120,75.56,8339.2,7622.5
15160,75.18,8387.0,7622.5
15200,74.8,7976.4,7622.5
15240,74.43,7906.2,7622.5
15280,74.06,7963.7,7622.5
15320,73.69,7976.9,7622.5
15360,73.32,7799.5,7622.5
15400,72.95,7744.5,7622.5
15440,72.59,7703.3,7622.5
15480,72.22,7620.5,7620.5
15520,71.86,7577.3,7577.3
15560,71.5,7688.7,7577.3
15600,71.15,7616.6,7577.3
15640,70.79,7446.5,7416.9
15680,70.44,7350.6,7245.3
15720,70.08,7271.6,7217.3
15760,69.73,7271.5,7217.3
15800,69.38,7402.1,7217.3
15840,69.04,7480.7,7217.3
15880,68.69,7411.3,7217.3
15920,68.35,7570.3,7217.3
15960,68.01,7497.3,7217.3
16000,67.67,7455.6,7217.3
16040,67.33,7445.5,7217.3
16080,66.99,7371.5,7217.3
16120,66.66,7236.7,7217.3
16160,66.32,7260.5,7217.3
16200,65.99,7302.0,7217.3
16240,65.66,7295.5,7217.3
16280,65.33,7533.7,7217.3
16320,65.01,7369.9,7217.3
16360,64.68,7214.7,7214.7
16400,64.36,7221.1,7166.1
16440,64.04,7211.1,7166.1
16480,63.72,7260.6,7068.0
16520,63.4,7296.7,7068.0
16560,63.08,7271.1,7068.0
16600,62.77,7210.8,7068.0
16640,62.45,7231.8,7068.0
16680,62.14,7455.0,7068.0
16720,61.83,7062.3,7006.7
16760,61.52,7062.3,7006.7
16800,61.21,7218.8,7006.7
16840,60.91,7184.1,7006.7
16880,60.6,7081.0,7006.7
16920,60.3,6989.7,6939.3
16960,60.0,6946.1,6928.9
17000,59.7,7151.3,6928.9
17040,59.4,7072.4,6928.9
17080,59.1,7129.0,6928.9
17120,58.81,7097.9,6928.9
17160,58.51,7105.1,6928.9
17200,58.22,7165.4,6928.9
17240,57.93,6910.3,6910.3
17280,57.64,6937.7,6903.4
17320,57.35,7175.8,6853.0
17360,57.06,7298.1,6853.0
17400,56.78,7270.7,6853.0
17440,56.5,7098.3,6853.0
17480,56.21,7166.8,6853.0
17520,55.93,7127.7,6853.0
17560,55.65,7181.4,6853.0
17600,55.37,7197.0,6853.0
17640,55.1,7131.8,6853.0
17680,54.82,7179.4,6853.0
17720,54.55,7231.0,6853.0
17760,54.27,7194.1,6853.0
17800,54.0,7269.5,6853.0
17840,53.73,7298.9,6853.0
17880,53.46,7032.2,6853.0
17920,53.2,6953.3,6853.0
17960,52.93,6694.6,6694.6
18000,52.67,6491.3,6491.3
18040,52.4,6454.0,6454.0
18080,52.14,6574.0,6454.0
18120,51.88,6738.7,6454.0
18160,51.62,6688.1,6454.0
18200,51.36,6692.4,6454.0
18240,51.11,6665.9,6454.0
18280,50.85,6738.8,6454.0
18320,50.6,6952.6,6454.0
18360,50.34,6648.2,6454.0
18400,50.09,6468.3,6454.0
18440,49.84,6408.1,6388.3
18480,49.59,6352.8,6352.8
18520,49.34,6631.1,6352.8
18560,49.1,6643.7,6352.8
18600,48.85,6581.6,6352.8
18640,48.61,6556.3,6352.8
18680,48.36,6586.6,6352.8
18720,48.12,6344.2,6276.1
18760,47.88,6361.2,6276.1
18800,47.64,6280.8,6262.0
18840,47.4,6334.4,6262.0
18880,47.17,6376.0,6262.0
18920,46.93,6497.8,6262.0
18960,46.7,6435.2,6262.0
19000,46.46,6435.2,6262.0
19040,46.23,6504.4,6262.0
19080,46.0,6557.3,6262.0
19120,45.77,6477.6,6262.0
19160,45.54,6726.0,6262.0
19200,45.31,6597.4,6262.0
19240,45.09,6691.5,6262.0
19280,44.86,6606.0,6262.0
19320,44.64,6554.7,6262.0
19360,44.41,6610.5,6262.0
19400,44.19,6558.6,6262.0
19440,43.97,6502.3,6262.0
19480,43.75,6599.7,6262.0
19520,43.53,6679.8,6262.0
19560,43.31,6714.0,6262.0
19600,43.1,6669.3,6262.0
19640,42.88,6626.9,6262.0
19680,42.67,6666.1,6262.0
19720,42.45,6902.6,6262.0
19760,42.24,6913.2,6262.0
19800,42.03,6761.6,6262.0
19840,41.82,6783.8,6262.0
19880,41.61,6509.0,6262.0
19920,41.4,6537.4,6262.0
19960,41.2,6646.6,6262.0
20000,40.99,6719.1,6262.0
20040,40.79,6731.5,6262.0
20080,40.58,6463.2,6262.0
20120,40.38,6447.4,6262.0
20160,40.18,6466.1,6262.0
20200,39.98,6415.9,6262.0
20240,39.78,6220.9,6220.9
20280,39.58,6288.9,6220.9
20320,39.38,6272.2,6220.9
20360,39.18,6288.9,6220.9
20400,38.99,6284.7,6220.9
20440,38.79,6260.0,6220.9
20480,38.6,6144.2,6144.2
20520,38.4,6096.0,6096.0
20560,38.21,6077.8,6076.2
20600,38.02,6026.9,6024.6
20640,37.83,6025.9,6024.6
20680,37.64,6064.5,6024.6
20720,37.45,6107.8,6024.6
20760,37.27,6135.4,6024.6
20800,37.08,6171.0,6024.6
20840,36.9,6171.0,6024.6
20880,36.71,6162.2,6024.6
20920,36.53,6101.2,6024.6
20960,36.34,6175.1,6024.6
21000,36.16,6158.4,6024.6
21040,35.98,6147.5,6024.6
21080,35.8,6056.2,6024.6
21120,35.62,6031.9,5916.5
21160,35.45,6102.5,5916.5
21200,35.27,6102.5,5916.5
21240,35.09,6197.7,5916.5
21280,34.92,6137.3,5916.5
21320,34.74,6127.1,5916.5
21360,34.57,5977.0,5916.5
21400,34.39,6050.8,5916.5
21440,34.22,6099.3,5916.5
21480,34.05,6103.7,5916.5
21520,33.88,6131.6,5916.5
21560,33.71,6205.0,5916.5
21600,33.54,6316.2,5916.5
21640,33.38,6265.4,5916.5
21680,33.21,6135.3,5916.5
21720,33.04,6047.8,5916.5
21760,32.88,6257.7,5916.5
21800,32.71,6231.2,5916.5
21840,32.55,6231.2,5916.5
21880,32.39,6335.0,5916.5
21920,32.23,6335.0,5916.5
21960,32.06,6260.3,5916.5
22000,31.9,6259.6,5916.5
22040,31.74,6229.0,5916.5
22080,31.59,6135.9,5916.5
22120,31.43,6222.7,5916.5
22160,31.27,6081.3,5916.5
22200,31.11,6088.8,5916.5
22240,30.96,5997.7,5916.5
22280,30.8,6074.1,5916.5
22320,30.65,6075.5,5916.5
22360,30.5,5998.4,5916.5
22400,30.34,6103.2,5916.5
22440,30.19,5975.8,5916.5
22480,30.04,5924.3,5912.1
22520,29.89,5840.6,5840.6
22560,29.74,5840.6,5767.6
22600,29.59,5860.0,5767.6
22640,29.44,5692.5,5692.5
22680,29.3,5681.4,5681.4
22720,29.15,5694.0,5681.4
22760,29.01,5732.7,5664.8
22800,28.86,5654.5,5654.5
22840,28.72,5654.5,5654.5
22880,28.57,5703.7,5654.5
22920,28.43,5703.7,5654.5
22960,28.29,5735.8,5654.5
23000,28.15,5682.4,5654.5
23040,28.01,5831.7,5648.0
23080,27.87,5817.3,5648.0
23120,27.73,5691.6,5648.0
23160,27.59,5692.1,5648.0
23200,27.45,5719.7,5648.0
23240,27.31,5719.7,5648.0
23280,27.18,5722.1,5648.0
23320,27.04,5664.7,5648.0
23360,26.9,5638.7,5638.7
23400,26.77,5660.2,5638.7
23440,26.64,5614.3,5614.3
23480,26.5,5542.5,5542.5
23520,26.37,5537.3,5512.7
23560,26.24,5537.3,5512.7
23600,26.11,5537.3,5512.7
23640,25.98,5537.3,5512.7
23680,25.85,5505.0,5452.1
23720,25.72,5505.0,5452.1
23760,25.59,5505.0,5452.1
23800,25.46,5505.0,5452.1
23840,25.33,5505.0,5452.1
23880,25.21,5494.6,5452.1
23920,25.08,5506.6,5452.1
23960,24.96,5443.8,5443.8
24000,24.83,5443.8,5443.8
24040,24.71,5490.8,5443.8
24080,24.58,5561.3,5443.8
24120,24.46,5531.5,5443.8
24160,24.34,5522.0,5443.8
24200,24.22,5527.9,5443.8
24240,24.1,5527.9,5443.8
24280,23.97,5527.9,5443.8
24320,23.86,5490.3,5443.8
24360,23.74,5540.9,5443.8
24400,23.62,5540.9,5443.8
24440,23.5,5483.3,5443.8
24480,23.38,5490.4,5443.8
24520,23.26,5460.1,5443.8
24560,23.15,5623.8,5443.8
24600,23.03,5557.4,5443.8
24640,22.92,5492.3,5443.8
24680,22.8,5500.3,5443.8
24720,22.69,5481.2,5443.8
24760,22.58,5408.0,5408.0
24800,22.46,5418.6,5408.0
24840,22.35,5471.7,5408.0
24880,22.24,5395.3,5395.3
24920,22.13,5356.3,5325.8
24960,22.02,5452.1,5325.8
25000,21.91,5453.7,5325.8
25040,21.8,5482.3,5325.8
25080,21.69,5484.6,5325.8
25120,21.58,5456.0,5325.8
25160,21.47,5513.6,5325.8
25200,21.36,5556.4,5325.8
25240,21.26,5588.6,5325.8
25280,21.15,5582.9,5325.8
25320,21.05,5566.4,5325.8
25360,20.94,5593.5,5325.8
25400,20.84,5593.5,5325.8
25440,20.73,5595.7,5325.8
25480,20.63,5514.4,5325.8
25520,20.52,5514.4,5325.8
25560,20.42,5523.7,5325.8
25600,20.32,5548.2,5325.8
25640,20.22,5548.2,5325.8
25680,20.12,5557.1,5325.8
25720,20.02,5557.1,5325.8
25760,19.92,5506.4,5325.8
25800,19.82,5516.0,5325.8
25840,19.72,5460.3,5325.8
25880,19.62,5413.1,5325.8
25920,19.52,5501.5,5325.8
25960,19.42,5472.6,5325.8
26000,19.33,5472.6,5325.8
26040,19.23,5416.7,5325.8
26080,19.13,5350.8,5325.8
26120,19.04,5350.8,5325.8
26160,18.94,5350.8,5325.8
26200,18.85,5350.8,5325.8
26240,18.75,5354.7,5325.8
26280,18.66,5418.3,5325.8
26320,18.57,5416.8,5325.8
26360,18.47,5359.2,5325.8
26400,18.38,5271.5,5271.5
26440,18.29,5217.1,5217.1
26480,18.2,5193.4,5193.4
26520,18.11,5172.0,5172.0
26560,18.02,5172.0,5172.0
26600,17.93,5156.0,5156.0
26640,17.84,5156.0,5156.0
26680,17.75,5156.0,5156.0
26720,17.66,5228.6,5156.0
26760,17.57,5262.0,5156.0
26800,17.48,5277.5,5156.0
26840,17.4,5210.7,5156.0
26880,17.31,5200.0,5156.0
26920,17.22,5200.0,5156.0
26960,17.14,5178.9,5156.0
27000,17.05,5145.3,5135.6
27040,16.96,5115.5,5115.5
27080,16.88,5119.1,5115.5
27120,16.8,5099.3,5099.3
27160,16.71,5120.4,5099.3
27200,16.63,5055.3,5055.3
27240,16.54,5055.3,5055.3
27280,16.46,5016.7,5016.7
27320,16.38,5031.2,5016.7
27360,16.3,5031.2,5016.7
27400,16.22,5031.2,5016.7
27440,16.14,5031.2,5016.7
27480,16.05,4996.1,4996.1
27520,15.97,4966.0,4966.0
27560,15.89,4966.0,4966.0
27600,15.82,4896.5,4896.5
27640,15.74,4882.0,4882.0
27680,15.66,4941.7,4882.0
27720,15.58,4941.7,4882.0
27760,15.5,4791.4,4791.4
27800,15.42,4791.4,4791.4
27840,15.35,4801.8,4791.4
27880,15.27,4801.8,4791.4
27920,15.19,4845.1,4791.4
27960,15.12,4871.7,4791.4
28000,15.04,4763.3,4763.3
28040,14.97,4763.3,4763.3
28080,14.89,4729.6,4729.6
28120,14.82,4729.6,4729.6
28160,14.74,4686.8,4686.8
28200,14.67,4658.2,4658.2
28240,14.6,4658.2,4658.2
28280,14.52,4658.2,4658.2
28320,14.45,4658.2,4658.2
28360,14.38,4658.2,4658.2
28400,14.31,4658.2,4658.2
28440,14.23,4658.2,4658.2
28480,14.16,4658.2,4658.2
28520,14.09,4670.2,4658.2
28560,14.02,4670.2,4658.2
28600,13.95,4670.2,4658.2
28640,13.88,4697.1,4658.2
28680,13.81,4697.1,4658.2
28720,13.74,4748.4,4658.2
28760,13.68,4715.0,4658.2
28800,13.61,4699.1,4658.2
28840,13.54,4699.1,4658.2
28880,13.47,4684.9,4658.2
28920,13.4,4684.9,4658.2
28960,13.34,4685.5,4658.2
29000,13.27,4685.5,4658.2
29040,13.2,4685.5,4658.2
29080,13.14,4685.5,4658.2
29120,13.07,4716.3,4658.2
29160,13.01,4716.3,4658.2
29200,12.94,4716.3,4658.2
29240,12.88,4757.2,4658.2
29280,12.81,4783.7,4658.2
29320,12.75,4716.8,4658.2
29360,12.68,4702.9,4658.2
29400,12.62,4702.9,4658.2
29440,12.56,4702.9,4658.2
29480,12.5,4700.9,4658.2
29520,12.43,4700.9,4658.2
29560,12.37,4711.4,4658.2
29600,12.31,4730.4,4658.2
29640,12.25,4713.0,4658.2
29680,12.19,4689.3,4658.2
29720,12.13,4674.7,4658.2
29760,12.06,4700.4,4658.2
29800,12.0,4712.8,4658.2
29840,11.94,4715.4,4658.2
29880,11.88,4715.4,4658.2
29920,11.83,4715.4,4658.2
29960,11.77,4715.4,4658.2
30000,11.71,4715.4,4658.2
30040,11.65,4717.8,4658.2
30080,11.59,4727.4,4658.2
30120,11.53,4700.9,4658.2
30160,11.47,4685.1,4658.2
30200,11.42,4685.1,4658.2
30240,11.36,4687.0,4658.2
30280,11.3,4687.0,4658.2
30320,11.25,4687.0,4658.2
30360,11.19,4687.0,4658.2
30400,11.13,4665.6,4658.2
30440,11.08,4665.6,4658.2
30480,11.02,4665.6,4658.2
30520,10.97,4665.6,4658.2
30560,10.91,4665.6,4658.2
30600,10.86,4665.6,4658.2
30640,10.81,4663.7,4658.2
30680,10.75,4663.7,4658.2
30720,10.7,4663.7,4658.2
30760,10.64,4679.7,4658.2
30800,10.59,4679.7,4658.2
30840,10.54,4680.4,4658.2
30880,10.48,4680.4,4658.2
30920,10.43,4680.4,4658.2
30960,10.38,4664.4,4658.2
31000,10.33,4664.4,4658.2
31040,10.28,4664.4,4658.2
31080,10.23,4631.2,4631.2
31120,10.17,4631.2,4631.2
31160,10.12,4679.4,4631.2
31200,10.07,4679.4,4631.2
31240,10.02,4679.4,4631.2
31280,9.97,4681.0,4631.2
31320,9.92,4684.3,4631.2
31360,9.87,4684.3,4631.2
31400,9.82,4681.0,4631.2
31440,9.77,4681.0,4631.2
31480,9.73,4702.1,4631.2
31520,9.68,4681.0,4631.2
31560,9.63,4681.0,4631.2
31600,9.58,4668.6,4631.2
31640,9.53,4668.6,4631.2
31680,9.48,4668.6,4631.2
31720,9.44,4654.3,4631.2
31760,9.39,4654.3,4631.2
31800,9.34,4654.3,4631.2
31840,9.3,4653.6,4631.2
31880,9.25,4651.4,4631.2
31920,9.2,4651.4,4631.2
31960,9.16,4651.4,4631.2
32000,9.11,4653.6,4631.2
32040,9.07,4619.7,4619.7
32080,9.02,4619.7,4619.7
32120,8.98,4619.7,4619.7
32160,8.93,4607.7,4607.7
32200,8.89,4607.7,4607.7
32240,8.84,4607.7,4607.7
32280,8.8,4609.0,4607.7
32320,8.75,4609.0,4607.7
32360,8.71,4609.0,4607.7
32400,8.67,4587.8,4587.8
32440,8.62,4601.7,4587.8
32480,8.58,4601.7,4587.8
32520,8.54,4601.7,4587.8
32560,8.49,4601.7,4587.8
32600,8.45,4601.7,4587.8
32640,8.41,4541.6,4541.6
32680,8.37,4541.6,4541.6
32720,8.33,4541.6,4541.6
32760,8.28,4547.1,4541.6
32800,8.24,4547.1,4541.6
32840,8.2,4547.1,4541.6
32880,8.16,4547.1,4541.6
32920,8.12,4547.1,4541.6
32960,8.08,4547.1,4541.6
33000,8.04,4547.1,4541.6
33040,8.0,4547.1,4541.6
33080,7.96,4547.1,4541.6
33120,7.92,4541.8,4541.6
33160,7.88,4541.8,4541.6
33200,7.84,4570.4,4541.6
33240,7.8,4570.4,4541.6
33280,7.76,4570.4,4541.6
33320,7.72,4570.4,4541.6
33360,7.68,4570.4,4541.6
33400,7.65,4570.4,4541.6
33440,7.61,4570.4,4541.6
33480,7.57,4570.4,4541.6
33520,7.53,4570.4,4541.6
33560,7.49,4570.4,4541.6
33600,7.46,4570.4,4541.6
33640,7.42,4570.4,4541.6
33680,7.38,4570.4,4541.6
33720,7.35,4564.9,4541.6
33760,7.31,4564.9,4541.6
33800,7.27,4564.9,4541.6
33840,7.24,4564.9,4541.6
33880,7.2,4564.9,4541.6
33920,7.16,4564.9,4541.6
33960,7.13,4558.9,4541.6
34000,7.09,4558.9,4541.6
34040,7.06,4558.9,4541.6
34080,7.02,4558.9,4541.6
34120,6.99,4558.9,4541.6
34160,6.95,4558.9,4541.6
34200,6.92,4558.9,4541.6
34240,6.88,4558.9,4541.6
34280,6.85,4558.9,4541.6
34320,6.81,4558.9,4541.6
34360,6.78,4537.8,4537.8
34400,6.75,4537.8,4537.8
34440,6.71,4537.8,4537.8
34480,6.68,4530.9,4530.9
34520,6.64,4530.9,4530.9
34560,6.61,4530.9,4530.9
34600,6.58,4530.9,4530.9
34640,6.55,4530.9,4530.9
34680,6.51,4530.9,4530.9
34720,6.48,4517.0,4517.0
34760,6.45,4517.0,4517.0
34800,6.42,4517.0,4517.0
34840,6.38,4517.0,4517.0
34880,6.35,4517.0,4517.0
34920,6.32,4517.0,4517.0
34960,6.29,4515.2,4515.2
35000,6.26,4515.2,4515.2
35040,6.23,4512.5,4512.5
35080,6.19,4512.5,4512.5
35120,6.16,4512.5,4512.5
35160,6.13,4512.5,4512.5
35200,6.1,4519.4,4512.5
35240,6.07,4519.4,4512.5
35280,6.04,4531.4,4512.5
35320,6.01,4531.4,4512.5
35360,5.98,4531.4,4512.5
35400,5.95,4517.1,4512.5
35440,5.92,4517.1,4512.5
35480,5.89,4526.4,4512.5
35520,5.86,4526.4,4512.5
35560,5.83,4526.4,4512.5
35600,5.8,4526.4,4512.5
35640,5.77,4526.4,4512.5
35680,5.75,4527.3,4512.5
35720,5.72,4527.3,4512.5
35760,5.69,4527.3,4512.5
35800,5.66,4527.3,4512.5
35840,5.63,4527.3,4512.5
35880,5.6,4520.5,4512.5
35920,5.58,4520.5,4512.5
35960,5.55,4520.5,4512.5
36000,5.52,4520.5,4512.5
36040,5.49,4520.5,4512.5
36080,5.46,4520.5,4512.5
36120,5.44,4520.5,4512.5
36160,5.41,4520.5,4512.5
36200,5.38,4461.3,4461.3
36240,5.36,4461.3,4461.3
36280,5.33,4461.3,4461.3
36320,5.3,4461.3,4461.3
36360,5.28,4461.3,4461.3
36400,5.25,4461.3,4461.3
36440,5.22,4461.3,4461.3
36480,5.2,4461.3,4461.3
36520,5.17,4461.3,4461.3
36560,5.15,4461.3,4461.3
36600,5.12,4461.3,4461.3
36640,5.09,4460.4,4460.4
36680,5.07,4424.6,4424.6
36720,5.04,4424.6,4424.6
36760,5.02,4424.6,4424.6
36800,4.99,4424.6,4424.6
36840,4.97,4424.6,4424.6
36880,4.94,4424.6,4424.6
36920,4.92,4424.6,4424.6
36960,4.89,4424.6,4424.6
37000,4.87,4424.6,4424.6
37040,4.85,4424.6,4424.6
37080,4.82,4424.6,4424.6
37120,4.8,4424.6,4424.6
37160,4.77,4431.5,4424.6
37200,4.75,4417.9,4417.9
37240,4.73,4417.9,4417.9
37280,4.7,4417.9,4417.9
37320,4.68,4417.9,4417.9
37360,4.65,4417.9,4417.9
37400,4.63,4417.9,4417.9
37440,4.61,4417.9,4417.9
37480,4.59,4417.9,4417.9
37520,4.56,4417.9,4417.9
37560,4.54,4417.9,4417.9
37600,4.52,4417.9,4417.9
37640,4.49,4417.9,4417.9
37680,4.47,4417.9,4417.9
37720,4.45,4417.9,4417.9
37760,4.43,4417.9,4417.9
37800,4.41,4417.9,4417.9
37840,4.38,4417.9,4417.9
37880,4.36,4417.9,4417.9
37920,4.34,4417.9,4417.9
37960,4.32,4417.9,4417.9
38000,4.3,4417.9,4417.9
38040,4.27,4417.9,4417.9
38080,4.25,4417.9,4417.9
38120,4.23,4417.9,4417.9
38160,4.21,4417.9,4417.9
38200,4.19,4417.9,4417.9
38240,4.17,4417.9,4417.9
38280,4.15,4417.9,4417.9
38320,4.13,4417.9,4417.9
38360,4.11,4417.9,4417.9
38400,4.09,4417.9,4417.9
38440,4.07,4417.9,4417.9
38480,4.05,4417.9,4417.9
38520,4.03,4417.9,4417.9
38560,4.0,4403.4,4403.4
38600,3.98,4403.4,4403.4
38640,3.96,4403.4,4403.4
38680,3.95,4403.4,4403.4
38720,3.93,4403.4,4403.4
38760,3.91,4403.4,4403.4
38800,3.89,4403.4,4403.4
38840,3.87,4403.4,4403.4
38880,3.85,4403.4,4403.4
38920,3.83,4403.4,4403.4
38960,3.81,4403.4,4403.4
39000,3.79,4403.4,4403.4
39040,3.77,4403.4,4403.4
39080,3.75,4401.2,4401.2
39120,3.73,4401.2,4401.2
39160,3.71,4401.2,4401.2
39200,3.7,4401.2,4401.2
39240,3.68,4401.2,4401.2
39280,3.66,4401.2,4401.2
39320,3.64,4401.2,4401.2
39360,3.62,4401.2,4401.2
39400,3.6,4403.4,4401.2
39440,3.59,4403.4,4401.2
39480,3.57,4403.4,4401.2
39520,3.55,4403.4,4401.2
39560,3.53,4403.4,4401.2
39600,3.52,4403.4,4401.2
39640,3.5,4403.4,4401.2
39680,3.48,4403.4,4401.2
39720,3.46,4403.4,4401.2
39760,3.45,4403.4,4401.2
39800,3.43,4403.4,4401.2
39840,3.41,4403.4,4401.2
39880,3.39,4403.4,4401.2
39920,3.38,4403.4,4401.2
39960,3.36,4403.4,4401.2
40000,3.34,4403.4,4401.2
40040,3.33,4403.4,4401.2
40080,3.31,4403.4,4401.2
40120,3.29,4403.4,4401.2
40160,3.28,4403.4,4401.2
40200,3.26,4403.4,4401.2
40240,3.24,4403.4,4401.2
40280,3.23,4403.4,4401.2
40320,3.21,4403.4,4401.2
40360,3.2,4403.4,4401.2
40400,3.18,4403.4,4401.2
40440,3.16,4403.4,4401.2
40480,3.15,4403.4,4401.2
40520,3.13,4403.4,4401.2
40560,3.12,4403.4,4401.2
40600,3.1,4403.4,4401.2
40640,3.09,4403.4,4401.2
40680,3.07,4403.4,4401.2
40720,3.06,4403.4,4401.2
40760,3.04,4403.4,4401.2
40800,3.02,4403.4,4401.2
40840,3.01,4403.4,4401.2
40880,2.99,4403.4,4401.2
40920,2.98,4403.4,4401.2
40960,2.96,4403.4,4401.2
41000,2.95,4403.4,4401.2
41040,2.94,4403.4,4401.2
41080,2.92,4403.4,4401.2
41120,2.91,4369.5,4369.5
41160,2.89,4369.5,4369.5
41200,2.88,4369.5,4369.5
41240,2.86,4370.4,4369.5
41280,2.85,4370.4,4369.5
41320,2.83,4370.4,4369.5
41360,2.82,4370.4,4369.5
41400,2.81,4370.4,4369.5
41440,2.79,4370.4,4369.5
41480,2.78,4369.5,4369.5
41520,2.76,4369.5,4369.5
41560,2.75,4369.5,4369.5
41600,2.74,4369.5,4369.5
41640,2.72,4369.5,4369.5
41680,2.71,4369.5,4369.5
41720,2.7,4369.5,4369.5
41760,2.68,4369.5,4369.5
41800,2.67,4369.5,4369.5
41840,2.66,4369.5,4369.5
41880,2.64,4369.5,4369.5
41920,2.63,4369.5,4369.5
41960,2.62,4369.5,4369.5
42000,2.6,4369.5,4369.5
42040,2.59,4369.5,4369.5
42080,2.58,4369.5,4369.5
42120,2.56,4369.5,4369.5
42160,2.55,4369.5,4369.5
42200,2.54,4369.5,4369.5
42240,2.53,4369.5,4369.5
42280,2.51,4369.5,4369.5
42320,2.5,4349.7,4349.7
42360,2.49,4349.7,4349.7
42400,2.48,4349.7,4349.7
42440,2.46,4349.7,4349.7
42480,2.45,4349.7,4349.7
42520,2.44,4349.7,4349.7
42560,2.43,4349.7,4349.7
42600,2.41,4349.7,4349.7
42640,2.4,4349.7,4349.7
42680,2.39,4349.7,4349.7
42720,2.38,4349.7,4349.7
42760,2.37,4349.7,4349.7
42800,2.35,4349.7,4349.7
42840,2.34,4349.1,4349.1
42880,2.33,4349.1,4349.1
42920,2.32,4349.1,4349.1
42960,2.31,4349.1,4349.1
43000,2.3,4349.1,4349.1
43040,2.28,4349.1,4349.1
43080,2.27,4349.1,4349.1
43120,2.26,4349.1,4349.1
43160,2.25,4349.1,4349.1
43200,2.24,4349.1,4349.1
43240,2.23,4349.1,4349.1
43280,2.22,4349.1,4349.1
43320,2.21,4349.1,4349.1
43360,2.19,4349.1,4349.1
43400,2.18,4349.1,4349.1
43440,2.17,4349.1,4349.1
43480,2.16,4349.1,4349.1
43520,2.15,4349.1,4349.1
43560,2.14,4349.1,4349.1
43600,2.13,4349.1,4349.1
43640,2.12,4349.1,4349.1
43680,2.11,4349.1,4349.1
43720,2.1,4349.1,4349.1
43760,2.09,4349.1,4349.1
43800,2.08,4349.1,4349.1
43840,2.07,4349.1,4349.1
43880,2.06,4349.1,4349.1
43920,2.05,4349.1,4349.1
43960,2.04,4349.1,4349.1
44000,2.03,4349.1,4349.1
44040,2.02,4349.1,4349.1
44080,2.01,4349.1,4349.1
44120,2.0,4349.1,4349.1
44160,1.99,4349.1,4349.1
44200,1.98,4349.1,4349.1
44240,1.97,4349.1,4349.1
44280,1.96,4349.1,4349.1
44320,1.95,4349.1,4349.1
44360,1.94,4349.1,4349.1
44400,1.93,4349.1,4349.1
44440,1.92,4349.1,4349.1
44480,1.91,4349.1,4349.1
44520,1.9,4349.1,4349.1
44560,1.89,4349.1,4349.1
44600,1.88,4349.1,4349.1
44640,1.87,4349.1,4349.1
44680,1.86,4349.1,4349.1
44720,1.85,4349.1,4349.1
44760,1.84,4349.1,4349.1
44800,1.83,4349.1,4349.1
44840,1.82,4349.1,4349.1
44880,1.81,4349.1,4349.1
44920,1.8,4349.1,4349.1
44960,1.8,4349.1,4349.1
45000,1.79,4350.0,4349.1
45040,1.78,4350.0,4349.1
45080,1.77,4350.0,4349.1
45120,1.76,4350.0,4349.1
45160,1.75,4350.0,4349.1
45200,1.74,4350.0,4349.1
45240,1.73,4345.5,4345.5
45280,1.73,4345.5,4345.5
45320,1.72,4345.5,4345.5
45360,1.71,4345.5,4345.5
45400,1.7,4345.5,4345.5
45440,1.69,4345.5,4345.5
45480,1.68,4344.6,4344.6
45520,1.67,4344.6,4344.6
45560,1.67,4344.6,4344.6
45600,1.66,4344.6,4344.6
45640,1.65,4344.6,4344.6
45680,1.64,4344.6,4344.6
45720,1.63,4344.6,4344.6
45760,1.62,4344.6,4344.6
45800,1.62,4344.6,4344.6
45840,1.61,4344.6,4344.6
45880,1.6,4344.6,4344.6
45920,1.59,4344.6,4344.6
45960,1.58,4344.6,4344.6
46000,1.58,4344.6,4344.6
46040,1.57,4344.6,4344.6
46080,1.56,4344.6,4344.6
46120,1.55,4344.6,4344.6
46160,1.55,4344.6,4344.6
46200,1.54,4344.6,4344.6
46240,1.53,4344.6,4344.6
46280,1.52,4344.6,4344.6
46320,1.51,4344.6,4344.6
46360,1.51,4344.6,4344.6
46400,1.5,4345.2,4344.6
46440,1.49,4345.2,4344.6
46480,1.48,4345.2,4344.6
46520,1.48,4345.2,4344.6
46560,1.47,4345.2,4344.6
46600,1.46,4345.2,4344.6
46640,1.45,4345.2,4344.6
46680,1.45,4345.2,4344.6
46720,1.44,4345.2,4344.6
46760,1.43,4345.2,4344.6
46800,1.43,4345.2,4344.6
46840,1.42,4345.2,4344.6
46880,1.41,4345.2,4344.6
46920,1.4,4345.2,4344.6
46960,1.4,4345.2,4344.6
47000,1.39,4345.2,4344.6
47040,1.38,4345.2,4344.6
47080,1.38,4345.2,4344.6
47120,1.37,4345.2,4344.6
47160,1.36,4345.2,4344.6
47200,1.36,4345.2,4344.6
47240,1.35,4345.2,4344.6
47280,1.34,4345.2,4344.6
47320,1.34,4345.2,4344.6
47360,1.33,4345.2,4344.6
47400,1.32,4345.2,4344.6
47440,1.32,4345.2,4344.6
47480,1.31,4345.2,4344.6
47520,1.3,4345.2,4344.6
47560,1.3,4345.2,4344.6
47600,1.29,4345.2,4344.6
47640,1.28,4345.2,4344.6
47680,1.28,4345.2,4344.6
47720,1.27,4345.2,4344.6
47760,1.26,4327.8,4327.8
47800,1.26,4327.8,4327.8
47840,1.25,4327.8,4327.8
47880,1.25,4327.8,4327.8
47920,1.24,4327.8,4327.8
47960,1.23,4327.8,4327.8
48000,1.23,4327.8,4327.8
48040,1.22,4327.8,4327.8
48080,1.21,4327.8,4327.8
48120,1.21,4327.8,4327.8
48160,1.2,4327.8,4327.8
48200,1.2,4327.8,4327.8
48240,1.19,4327.8,4327.8
48280,1.18,4327.8,4327.8
48320,1.18,4327.8,4327.8
48360,1.17,4327.8,4327.8
48400,1.17,4327.8,4327.8
48440,1.16,4327.8,4327.8
48480,1.16,4327.8,4327.8
48520,1.15,4327.8,4327.8
48560,1.14,4327.8,4327.8
48600,1.14,4327.8,4327.8
48640,1.13,4327.8,4327.8
48680,1.13,4327.8,4327.8
48720,1.12,4327.8,4327.8
48760,1.12,4327.8,4327.8
48800,1.11,4327.8,4327.8
48840,1.1,4327.8,4327.8
48880,1.1,4327.8,4327.8
48920,1.09,4327.8,4327.8
48960,1.09,4327.8,4327.8
49000,1.08,4327.8,4327.8
49040,1.08,4327.8,4327.8
49080,1.07,4327.8,4327.8
49120,1.07,4327.8,4327.8
49160,1.06,4327.8,4327.8
49200,1.06,4327.8,4327.8
49240,1.05,4327.8,4327.8
49280,1.05,4327.8,4327.8
49320,1.04,4327.8,4327.8
49360,1.03,4327.8,4327.8
49400,1.03,4327.8,4327.8
49440,1.02,4327.8,4327.8
49480,1.02,4327.8,4327.8
49520,1.01,4327.8,4327.8
49560,1.01,4327.8,4327.8
49600,1.0,4327.8,4327.8
49640,1.0,4327.8,4327.8
49680,0.99,4327.8,4327.8
49720,0.99,4327.8,4327.8
49760,0.98,4327.8,4327.8
49800,0.98,4327.8,4327.8
49840,0.97,4327.8,4327.8
49880,0.97,4327.8,4327.8
49920,0.96,4327.8,4327.8
49960,0.96,4327.8,4327.8
50000,0.95,4327.8,4327.8
50040,0.95,4327.8,4327.8
50080,0.95,4327.8,4327.8
50120,0.94,4327.8,4327.8
50160,0.94,4327.8,4327.8
50200,0.93,4327.8,4327.8
50240,0.93,4327.8,4327.8
50280,0.92,4327.8,4327.8
50320,0.92,4327.8,4327.8
50360,0.91,4327.8,4327.8
50400,0.91,4327.8,4327.8
50440,0.9,4327.8,4327.8
50480,0.9,4327.8,4327.8
50520,0.89,4327.8,4327.8
50560,0.89,4327.8,4327.8
50600,0.89,4327.8,4327.8
50640,0.88,4327.8,4327.8
50680,0.88,4327.8,4327.8
50720,0.87,4327.8,4327.8
50760,0.87,4327.8,4327.8
50800,0.86,4327.8,4327.8
50840,0.86,4327.8,4327.8
50880,0.86,4327.8,4327.8
50920,0.85,4327.8,4327.8
50960,0.85,4327.8,4327.8
51000,0.84,4327.8,4327.8
51040,0.84,4327.8,4327.8
51080,0.83,4327.8,4327.8
51120,0.83,4327.8,4327.8
51160,0.83,4327.8,4327.8
51200,0.82,4327.8,4327.8
51240,0.82,4327.8,4327.8
51280,0.81,4327.8,4327.8
51320,0.81,4327.8,4327.8
51360,0.81,4327.8,4327.8
51400,0.8,4327.8,4327.8
51440,0.8,4327.8,4327.8
51480,0.79,4327.8,4327.8
51520,0.79,4327.8,4327.8
51560,0.79,4327.8,4327.8
51600,0.78,4327.8,4327.8
51640,0.78,4327.8,4327.8
51680,0.77,4327.8,4327.8
51720,0.77,4327.8,4327.8
51760,0.77,4327.8,4327.8
51800,0.76,4327.8,4327.8
51840,0.76,4327.8,4327.8
51880,0.75,4327.8,4327.8
51920,0.75,4326.2,4326.2
51960,0.75,4326.2,4326.2
52000,0.74,4326.2,4326.2
52040,0.74,4326.2,4326.2
52080,0.74,4326.2,4326.2
52120,0.73,4326.2,4326.2
52160,0.73,4326.2,4326.2
52200,0.72,4326.2,4326.2
52240,0.72,4326.2,4326.2
52280,0.72,4326.2,4326.2
52320,0.71,4326.2,4326.2
52360,0.71,4326.2,4326.2
52400,0.71,4326.2,4326.2
52440,0.7,4326.2,4326.2
52480,0.7,4326.2,4326.2
52520,0.7,4326.2,4326.2
52560,0.69,4326.2,4326.2
52600,0.69,4326.2,4326.2
52640,0.69,4326.2,4326.2
52680,0.68,4326.2,4326.2
52720,0.68,4326.2,4326.2
52760,0.68,4326.2,4326.2
52800,0.67,4326.2,4326.2
52840,0.67,4326.2,4326.2
52880,0.67,4326.2,4326.2
52920,0.66,4326.2,4326.2
52960,0.66,4326.2,4326.2
53000,0.66,4326.2,4326.2
53040,0.65,4326.2,4326.2
53080,0.65,4326.2,4326.2
53120,0.65,4326.2,4326.2
53160,0.64,4314.2,4314.2
53200,0.64,4312.0,4312.0
53240,0.64,4312.0,4312.0
53280,0.63,4312.0,4312.0
53320,0.63,4312.0,4312.0
53360,0.63,4312.0,4312.0
53400,0.62,4312.0,4312.0
53440,0.62,4306.7,4306.7
53480,0.62,4306.7,4306.7
53520,0.61,4306.7,4306.7
53560,0.61,4306.7,4306.7
53600,0.61,4306.7,4306.7
53640,0.61,4306.7,4306.7
53680,0.6,4306.7,4306.7
53720,0.6,4306.7,4306.7
53760,0.6,4306.7,4306.7
53800,0.59,4306.7,4306.7
53840,0.59,4306.7,4306.7
53880,0.59,4306.7,4306.7
53920,0.58,4306.7,4306.7
53960,0.58,4306.7,4306.7
54000,0.58,4306.7,4306.7
54040,0.58,4306.7,4306.7
54080,0.57,4306.7,4306.7
54120,0.57,4306.7,4306.7
54160,0.57,4306.7,4306.7
54200,0.56,4306.7,4306.7
54240,0.56,4306.7,4306.7
54280,0.56,4306.7,4306.7
54320,0.56,4306.7,4306.7
54360,0.55,4306.7,4306.7
54400,0.55,4306.7,4306.7
54440,0.55,4306.7,4306.7
54480,0.54,4306.7,4306.7
54520,0.54,4306.1,4306.1
54560,0.54,4306.1,4306.1
54600,0.54,4306.1,4306.1
54640,0.53,4306.1,4306.1
54680,0.53,4306.1,4306.1
54720,0.53,4306.1,4306.1
54760,0.53,4306.1,4306.1
54800,0.52,4306.1,4306.1
54840,0.52,4306.1,4306.1
54880,0.52,4306.1,4306.1
54920,0.52,4306.1,4306.1
54960,0.51,4306.1,4306.1
55000,0.51,4306.1,4306.1
55040,0.51,4306.1,4306.1
55080,0.51,4306.1,4306.1
55120,0.5,4306.1,4306.1
55160,0.5,4306.1,4306.1
