generation,best_cost,avg_cost
0,25405.0,42609.0
1,27360.0,36820.3
2,23720.0,35709.3
3,23720.0,34225.5
4,22720.0,33114.4
5,22370.0,32617.8
6,20700.0,30390.4
7,18850.0,29177.4
8,17660.0,30067.7
9,17660.0,27902.3
10,17660.0,29401.8
11,17660.0,29349.2
12,17660.0,28873.1
13,15680.0,27451.7
14,15350.0,28609.1
15,15350.0,28425.9
16,15350.0,26689.2
17,15350.0,26715.0
18,15020.0,26320.8
19,15020.0,26218.0
20,15020.0,26599.4
21,15020.0,27073.2
22,15020.0,26480.2
23,15020.0,25843.1
24,15020.0,26755.6
25,15020.0,26051.2
26,15020.0,27649.9
27,15020.0,26580.8
28,14250.0,25674.5
29,14250.0,25832.8
30,14100.0,24880.2
31,14040.0,26052.2
32,14040.0,25069.8
33,14040.0,25389.9
34,14040.0,24573.1
35,14040.0,25464.1
36,13890.0,25028.8
37,13890.0,26235.5
38,13520.0,25114.0
39,13520.0,24513.9
40,13520.0,23247.2
41,13520.0,25199.1
42,13520.0,26696.7
43,13520.0,25684.9
44,13520.0,26377.4
45,13520.0,25239.6
46,13520.0,27122.4
47,13520.0,27477.2
48,13520.0,26994.1
49,13520.0,29064.3
50,13520.0,26590.6
51,13520.0,28898.6
52,13520.0,27235.4
53,13520.0,28589.7
54,13520.0,27982.1
55,13370.0,28006.1
56,13370.0,27200.6
57,13370.0,27909.9
58,13200.0,27305.1
59,13200.0,25911.9
60,13200.0,26724.4
61,13200.0,26576.2
62,13200.0,26935.8
63,13200.0,25105.7
64,13200.0,24589.6
65,13200.0,23940.1
66,13200.0,23794.6
67,13200.0,25068.4
68,13200.0,23754.0
69,13200.0,24770.9
70,13200.0,24195.6
71,13200.0,23218.8
72,13200.0,23675.1
73,13200.0,25112.4
74,13200.0,25723.1
75,13200.0,24518.8
76,13200.0,24916.9
77,13200.0,25544.2
78,13050.0,24521.0
79,13050.0,26160.0
80,13050.0,24625.7
81,13050.0,24220.9
82,13050.0,23961.1
83,13050.0,24351.1
84,13050.0,23510.4
85,13050.0,24542.1
86,12940.0,24880.0
87,12940.0,24715.9
88,12940.0,22831.4
89,12940.0,23198.1
90,12940.0,22558.4
91,12940.0,24085.4
92,12940.0,26271.1
93,12940.0,26331.9
94,12940.0,25538.1
95,12940.0,25415.6
96,12940.0,26005.6
97,12940.0,25777.6
98,12940.0,26144.9
99,12940.0,27043.6
100,12940.0,28149.8
101,12940.0,25627.8
102,12940.0,26537.8
103,12940.0,25107.8
104,12940.0,26466.0
105,12940.0,27153.1
106,12940.0,26841.4
107,12940.0,27157.8
108,12940.0,26151.8
109,12940.0,26836.8
110,12940.0,25917.5
111,12940.0,28259.5
112,12940.0,27945.7
113,12940.0,28329.8
114,12940.0,28013.6
115,12940.0,28793.4
116,12940.0,25793.6
117,12940.0,28693.6
118,12940.0,26878.6
119,12790.0,25623.2
120,12790.0,26119.7
121,12790.0,25915.8
122,12790.0,25464.8
123,12790.0,25678.4
124,12790.0,27238.9
125,12790.0,26234.6
126,12640.0,25891.9
127,12640.0,25311.2
128,12630.0,23167.1
129,12630.0,22886.0
130,12630.0,24188.1
131,12630.0,24914.2
132,12630.0,24336.1
133,12630.0,27164.7
134,12630.0,26287.7
135,12630.0,26327.9
136,12630.0,26752.6
137,12430.0,27715.7
138,12430.0,26965.6
139,12430.0,24894.8
140,12430.0,25194.2
141,12430.0,24481.4
142,12430.0,27347.0
143,12430.0,27094.6
144,12430.0,27653.0
145,12430.0,26548.9
146,12430.0,26777.9
147,12430.0,26386.9
148,12430.0,27501.6
149,12430.0,26103.7
150,12070.0,23468.9
151,12070.0,23986.6
152,12070.0,24401.4
153,12070.0,23894.0
154,12070.0,24352.2
155,12070.0,25486.2
156,12070.0,25799.6
157,12070.0,25414.9
158,12070.0,27142.2
159,12070.0,25933.7
160,12070.0,26343.3
161,12070.0,26158.3
162,12070.0,24549.4
163,12070.0,24227.1
164,12070.0,25167.0
165,12070.0,25308.4
166,11920.0,23716.0
167,11920.0,25548.7
168,11920.0,23880.8
169,11920.0,23507.9
170,11920.0,23722.5
171,11920.0,24159.4
172,11920.0,24687.5
173,11920.0,24920.0
174,11920.0,22051.2
175,11920.0,22987.6
176,11920.0,22188.8
177,11920.0,22282.0
178,11920.0,22486.3
179,11920.0,24521.2
180,11920.0,24853.4
181,11920.0,24136.1
182,11920.0,25669.0
183,11920.0,23703.8
184,11920.0,24791.4
185,11920.0,22571.2
186,11920.0,22222.6
187,11920.0,21633.1
188,11920.0,22252.8
189,11920.0,24723.9
190,11920.0,23271.8
191,11920.0,23893.9
192,11770.0,21698.8
193,11560.0,21311.9
194,11560.0,22122.5
195,11560.0,24203.8
196,11560.0,22763.5
197,11560.0,21469.0
198,11560.0,22598.1
199,11560.0,23687.2
200,11560.0,23758.4
201,11560.0,24238.8
202,11560.0,24506.6
203,11560.0,25532.8
204,11560.0,25176.8
205,11560.0,25640.2
206,11560.0,24232.4
207,11560.0,25652.9
208,11560.0,23824.2
209,11560.0,23213.0
210,11560.0,24476.5
211,11410.0,23763.4
212,11410.0,22729.2
213,11410.0,24069.9
214,11410.0,23770.6
215,11410.0,22630.6
216,11410.0,24239.8
217,11410.0,24144.6
218,11410.0,24512.6
219,11410.0,23321.9
220,11410.0,22859.7
221,11410.0,23978.2
222,11410.0,23600.4
223,11410.0,24445.3
224,11410.0,23897.1
225,11410.0,23381.0
226,11410.0,23138.3
227,11410.0,24349.0
228,11410.0,23359.7
229,11410.0,25486.6
230,11410.0,24681.6
231,11410.0,23686.1
232,11410.0,23121.2
233,11410.0,24791.9
234,11410.0,24709.0
235,11410.0,23746.8
236,11410.0,23122.0
237,11410.0,22962.5
238,11410.0,21510.4
239,11410.0,22563.2
240,11410.0,23059.3
241,11410.0,22078.2
242,11410.0,23101.8
243,11260.0,23319.3
244,11260.0,23133.1
245,11260.0,23021.7
246,11260.0,22894.4
247,11260.0,23365.2
248,11260.0,23279.7
249,11260.0,25591.5
250,11260.0,22916.1
251,11260.0,23220.9
252,11260.0,21746.2
253,11260.0,21136.1
254,11260.0,19348.0
255,11260.0,20104.6
256,11260.0,21739.6
257,11260.0,21715.2
258,11260.0,22115.8
259,11260.0,22047.1
260,11260.0,23076.7
261,11260.0,22027.2
262,11260.0,22793.1
263,11260.0,23929.7
264,11260.0,22057.2
265,11260.0,22487.2
266,11260.0,23809.8
267,11260.0,24695.3
268,11260.0,21836.6
269,11260.0,22725.1
270,11260.0,21639.8
271,11260.0,23270.2
272,11260.0,22338.5
273,11260.0,22219.6
274,11260.0,22563.1
275,11260.0,21248.8
276,11260.0,23812.8
277,11260.0,22646.9
278,11260.0,21348.8
279,11260.0,20949.1
280,11260.0,22490.6
281,11260.0,21476.3
282,11260.0,21274.6
283,11260.0,23445.4
284,11260.0,24280.5
285,11260.0,24388.2
286,11260.0,22137.3
287,11260.0,22533.2
288,11260.0,21095.6
289,11260.0,22627.1
290,11260.0,21376.5
291,11260.0,21145.0
292,11260.0,21309.7
293,11260.0,22348.7
