trip_id,origin_station,destination_station,departure_min,arrival_min,departure_time,arrival_time,distance_km,min_turnaround_min,day
T058,Munich,Cologne,279,450,04:39,07:30,570.0,10,1
T059,Munich,Cologne,291,462,04:51,07:42,570.0,20,1
T053,Hamburg,Frankfurt,330,477,05:30,07:57,490.0,10,1
T042,Hamburg,Frankfurt,547,694,09:07,11:34,490.0,20,1
T049,Frankfurt,Munich,570,687,09:30,11:27,390.0,20,1
T054,Cologne,Hamburg,676,805,11:16,13:25,430.0,20,1
T031,Frankfurt,Cologne,739,796,12:19,13:16,190.0,20,1
T024,Cologne,Berlin,816,984,13:36,16:24,560.0,20,1
T043,Hamburg,Frankfurt,913,1060,15:13,17:40,490.0,10,1
T017,Cologne,Munich,920,1091,15:20,18:11,570.0,15,1
T003,Cologne,Berlin,939,1107,15:39,18:27,560.0,10,1
T046,Berlin,Hamburg,969,1053,16:09,17:33,280.0,30,1
T052,Frankfurt,Berlin,988,1153,16:28,19:13,550.0,10,1
T021,Munich,Frankfurt,991,1108,16:31,18:28,390.0,30,1
T010,Frankfurt,Munich,1076,1193,17:56,19:53,390.0,15,1
T039,Berlin,Frankfurt,1101,1266,18:21,21:06,550.0,20,1
T027,Frankfurt,Berlin,1119,1284,18:39,21:24,550.0,20,1
T056,Hamburg,Cologne,1124,1253,18:44,20:53,430.0,30,1
T030,Berlin,Cologne,1180,1348,19:40,22:28,560.0,20,1
T013,Munich,Frankfurt,1192,1309,19:52,21:49,390.0,10,1
T019,Munich,Cologne,1205,1376,20:05,22:56,570.0,30,1
T007,Frankfurt,Munich,1230,1347,20:30,22:27,390.0,15,1
T018,Berlin,Frankfurt,1271,1436,21:11,23:56,550.0,30,1
T044,Cologne,Berlin,1297,1465,21:37,00:25,560.0,15,1
T012,Hamburg,Frankfurt,1398,1545,23:18,01:45,490.0,15,1
T008,Munich,Frankfurt,1404,1521,23:24,01:21,390.0,30,1
T023,Cologne,Munich,1514,1685,01:14,04:05,570.0,30,2
T022,Munich,Frankfurt,1520,1637,01:20,03:17,390.0,20,2
T002,Munich,Frankfurt,1547,1664,01:47,03:44,390.0,20,2
T004,Munich,Frankfurt,1582,1699,02:22,04:19,390.0,30,2
T001,Frankfurt,Hamburg,1583,1730,02:23,04:50,490.0,20,2
T057,Frankfurt,Munich,1663,1780,03:43,05:40,390.0,20,2
T011,Berlin,Cologne,1679,1847,03:59,06:47,560.0,30,2
T060,Cologne,Frankfurt,1683,1740,04:03,05:00,190.0,30,2
T047,Cologne,Frankfurt,1759,1816,05:19,06:16,190.0,10,2
T025,Munich,Hamburg,1798,2032,05:58,09:52,780.0,10,2
T006,Hamburg,Berlin,1833,1917,06:33,07:57,280.0,30,2
T036,Hamburg,Munich,1869,2103,07:09,11:03,780.0,20,2
T005,Berlin,Cologne,1877,2045,07:17,10:05,560.0,20,2
T033,Hamburg,Berlin,1985,2069,09:05,10:29,280.0,20,2
T045,Munich,Hamburg,2049,2283,10:09,14:03,780.0,15,2
T028,Berlin,Cologne,2092,2260,10:52,13:40,560.0,20,2
T035,Munich,Cologne,2152,2323,11:52,14:43,570.0,15,2
T040,Munich,Cologne,2155,2326,11:55,14:46,570.0,10,2
T016,Cologne,Frankfurt,2224,2281,13:04,14:01,190.0,15,2
T020,Hamburg,Munich,2234,2468,13:14,17:08,780.0,15,2
T055,Cologne,Munich,2291,2462,14:11,17:02,570.0,30,2
T014,Cologne,Hamburg,2298,2427,14:18,16:27,430.0,20,2
T041,Munich,Hamburg,2321,2555,14:41,18:35,780.0,20,2
T048,Hamburg,Cologne,2373,2502,15:33,17:42,430.0,30,2
T026,Hamburg,Munich,2401,2635,16:01,19:55,780.0,15,2
T050,Hamburg,Munich,2440,2674,16:40,20:34,780.0,15,2
T034,Berlin,Munich,2470,2644,17:10,20:04,580.0,10,2
T029,Frankfurt,Cologne,2482,2539,17:22,18:19,190.0,10,2
T009,Cologne,Frankfurt,2581,2638,19:01,19:58,190.0,10,2
T038,Cologne,Munich,2594,2765,19:14,22:05,570.0,10,2
T037,Munich,Berlin,2661,2835,20:21,23:15,580.0,15,2
T051,Hamburg,Berlin,2765,2849,22:05,23:29,280.0,10,2
T015,Frankfurt,Munich,2806,2923,22:46,00:43,390.0,20,2
T032,Cologne,Frankfurt,2876,2933,23:56,00:53,190.0,30,2
