n_trips,algorithm,timing_violations,uncovered_demand,total_cost,runtime_sec
20,Greedy,5,714,17670.0,0.0006
20,Simulated Annealing,2,126,5180.0,0.8528
20,Genetic Algorithm,1,164,9410.0,0.0618
20,NSGA-II,3,164,10010.0,0.1572
40,Greedy,22,2576,81500.0,0.0009
40,Simulated Annealing,10,623,18955.0,1.4644
40,Genetic Algorithm,17,754,51310.0,0.1876
40,NSGA-II,23,577,69620.0,0.2704
60,Greedy,42,3315,164815.0,0.001
60,Simulated Annealing,17,1205,35970.0,1.9389
60,Genetic Algorithm,39,473,99265.0,0.254
60,NSGA-II,37,684,98750.0,0.4107
80,Greedy,65,4158,230540.0,0.0012
80,Simulated Annealing,34,1165,69260.0,2.392
80,Genetic Algorithm,67,593,146755.0,0.3818
80,NSGA-II,68,593,179165.0,0.582
100,Greedy,91,5597,335310.0,0.0014
100,Simulated Annealing,65,1768,116255.0,2.9496
100,Genetic Algorithm,107,810,281820.0,0.5619
100,NSGA-II,113,1148,318480.0,0.8077
120,Greedy,111,7258,460770.0,0.0017
120,Simulated Annealing,78,3320,143250.0,3.3715
120,Genetic Algorithm,127,1884,290750.0,0.6381
120,NSGA-II,133,1005,324495.0,0.9444
